"","X","Category","Image","Word","Names","Paths"
"1",1,"Congruent","Alligator","Alligator","Image-Alligator-Word-Alligator.JPG",NA
"2",2,"Incongruent","Alligator","Bat","Image-Alligator-Word-Bat.JPG",NA
"3",3,"Incongruent","Alligator","Bear","Image-Alligator-Word-Bear.JPG",NA
"4",4,"Incongruent","Alligator","Bee","Image-Alligator-Word-Bee.JPG",NA
"5",5,"Incongruent","Alligator","Bird","Image-Alligator-Word-Bird.JPG",NA
"6",6,"Incongruent","Alligator","Butterfly","Image-Alligator-Word-Butterfly.JPG",NA
"7",7,"Incongruent","Alligator","Camel","Image-Alligator-Word-Camel.JPG",NA
"8",8,"Incongruent","Alligator","Cat","Image-Alligator-Word-Cat.JPG",NA
"9",9,"Incongruent","Alligator","Chicken","Image-Alligator-Word-Chicken.JPG",NA
"10",10,"Incongruent","Alligator","Cow","Image-Alligator-Word-Cow.JPG",NA
"11",11,"Incongruent","Alligator","Dog","Image-Alligator-Word-Dog.JPG",NA
"12",12,"Incongruent","Alligator","Duck","Image-Alligator-Word-Duck.JPG",NA
"13",13,"Incongruent","Alligator","Elephant","Image-Alligator-Word-Elephant.JPG",NA
"14",14,"Incongruent","Alligator","Fish","Image-Alligator-Word-Fish.JPG",NA
"15",15,"Incongruent","Alligator","Frog","Image-Alligator-Word-Frog.JPG",NA
"16",16,"Incongruent","Alligator","Giraffe","Image-Alligator-Word-Giraffe.JPG",NA
"17",17,"Incongruent","Alligator","Horse","Image-Alligator-Word-Horse.JPG",NA
"18",18,"Incongruent","Alligator","Kangaroo","Image-Alligator-Word-Kangaroo.JPG",NA
"19",19,"Incongruent","Alligator","Monkey","Image-Alligator-Word-Monkey.JPG",NA
"20",20,"Incongruent","Alligator","Moose","Image-Alligator-Word-Moose.JPG",NA
"21",21,"Incongruent","Alligator","Mouse","Image-Alligator-Word-Mouse.JPG",NA
"22",22,"Incongruent","Alligator","Pig","Image-Alligator-Word-Pig.JPG",NA
"23",23,"Incongruent","Alligator","Rabbit","Image-Alligator-Word-Rabbit.JPG",NA
"24",24,"Incongruent","Alligator","Raccoon","Image-Alligator-Word-Raccoon.JPG",NA
"25",25,"Incongruent","Alligator","Sheep","Image-Alligator-Word-Sheep.JPG",NA
"26",26,"Incongruent","Alligator","Snake","Image-Alligator-Word-Snake.JPG",NA
"27",27,"Incongruent","Alligator","Tiger","Image-Alligator-Word-Tiger.JPG",NA
"28",28,"Incongruent","Alligator","Whale","Image-Alligator-Word-Whale.JPG",NA
"29",29,"Incongruent","Alligator","Zebra","Image-Alligator-Word-Zebra.JPG",NA
"30",30,"Incongruent","Bat","Alligator","Image-Bat-Word-Alligator.JPG",NA
"31",31,"Congruent","Bat","Bat","Image-Bat-Word-Bat.JPG",NA
"32",32,"Incongruent","Bat","Bear","Image-Bat-Word-Bear.JPG",NA
"33",33,"Incongruent","Bat","Bee","Image-Bat-Word-Bee.JPG",NA
"34",34,"Incongruent","Bat","Bird","Image-Bat-Word-Bird.JPG",NA
"35",35,"Incongruent","Bat","Butterfly","Image-Bat-Word-Butterfly.JPG",NA
"36",36,"Incongruent","Bat","Camel","Image-Bat-Word-Camel.JPG",NA
"37",37,"Incongruent","Bat","Cat","Image-Bat-Word-Cat.JPG",NA
"38",38,"Incongruent","Bat","Chicken","Image-Bat-Word-Chicken.JPG",NA
"39",39,"Incongruent","Bat","Cow","Image-Bat-Word-Cow.JPG",NA
"40",40,"Incongruent","Bat","Dog","Image-Bat-Word-Dog.JPG",NA
"41",41,"Incongruent","Bat","Duck","Image-Bat-Word-Duck.JPG",NA
"42",42,"Incongruent","Bat","Elephant","Image-Bat-Word-Elephant.JPG",NA
"43",43,"Incongruent","Bat","Fish","Image-Bat-Word-Fish.JPG",NA
"44",44,"Incongruent","Bat","Frog","Image-Bat-Word-Frog.JPG",NA
"45",45,"Incongruent","Bat","Giraffe","Image-Bat-Word-Giraffe.JPG",NA
"46",46,"Incongruent","Bat","Horse","Image-Bat-Word-Horse.JPG",NA
"47",47,"Incongruent","Bat","Kangaroo","Image-Bat-Word-Kangaroo.JPG",NA
"48",48,"Incongruent","Bat","Monkey","Image-Bat-Word-Monkey.JPG",NA
"49",49,"Incongruent","Bat","Moose","Image-Bat-Word-Moose.JPG",NA
"50",50,"Incongruent","Bat","Mouse","Image-Bat-Word-Mouse.JPG",NA
"51",51,"Incongruent","Bat","Pig","Image-Bat-Word-Pig.JPG",NA
"52",52,"Incongruent","Bat","Rabbit","Image-Bat-Word-Rabbit.JPG",NA
"53",53,"Incongruent","Bat","Raccoon","Image-Bat-Word-Raccoon.JPG",NA
"54",54,"Incongruent","Bat","Sheep","Image-Bat-Word-Sheep.JPG",NA
"55",55,"Incongruent","Bat","Snake","Image-Bat-Word-Snake.JPG",NA
"56",56,"Incongruent","Bat","Tiger","Image-Bat-Word-Tiger.JPG",NA
"57",57,"Incongruent","Bat","Whale","Image-Bat-Word-Whale.JPG",NA
"58",58,"Incongruent","Bat","Zebra","Image-Bat-Word-Zebra.JPG",NA
"59",59,"Incongruent","Bear","Alligator","Image-Bear-Word-Alligator.JPG",NA
"60",60,"Incongruent","Bear","Bat","Image-Bear-Word-Bat.JPG",NA
"61",61,"Congruent","Bear","Bear","Image-Bear-Word-Bear.JPG",NA
"62",62,"Incongruent","Bear","Bee","Image-Bear-Word-Bee.JPG",NA
"63",63,"Incongruent","Bear","Bird","Image-Bear-Word-Bird.JPG",NA
"64",64,"Incongruent","Bear","Butterfly","Image-Bear-Word-Butterfly.JPG",NA
"65",65,"Incongruent","Bear","Camel","Image-Bear-Word-Camel.JPG",NA
"66",66,"Incongruent","Bear","Cat","Image-Bear-Word-Cat.JPG",NA
"67",67,"Incongruent","Bear","Chicken","Image-Bear-Word-Chicken.JPG",NA
"68",68,"Incongruent","Bear","Cow","Image-Bear-Word-Cow.JPG",NA
"69",69,"Incongruent","Bear","Dog","Image-Bear-Word-Dog.JPG",NA
"70",70,"Incongruent","Bear","Duck","Image-Bear-Word-Duck.JPG",NA
"71",71,"Incongruent","Bear","Elephant","Image-Bear-Word-Elephant.JPG",NA
"72",72,"Incongruent","Bear","Fish","Image-Bear-Word-Fish.JPG",NA
"73",73,"Incongruent","Bear","Frog","Image-Bear-Word-Frog.JPG",NA
"74",74,"Incongruent","Bear","Giraffe","Image-Bear-Word-Giraffe.JPG",NA
"75",75,"Incongruent","Bear","Horse","Image-Bear-Word-Horse.JPG",NA
"76",76,"Incongruent","Bear","Kangaroo","Image-Bear-Word-Kangaroo.JPG",NA
"77",77,"Incongruent","Bear","Monkey","Image-Bear-Word-Monkey.JPG",NA
"78",78,"Incongruent","Bear","Moose","Image-Bear-Word-Moose.JPG",NA
"79",79,"Incongruent","Bear","Mouse","Image-Bear-Word-Mouse.JPG",NA
"80",80,"Incongruent","Bear","Pig","Image-Bear-Word-Pig.JPG",NA
"81",81,"Incongruent","Bear","Rabbit","Image-Bear-Word-Rabbit.JPG",NA
"82",82,"Incongruent","Bear","Raccoon","Image-Bear-Word-Raccoon.JPG",NA
"83",83,"Incongruent","Bear","Sheep","Image-Bear-Word-Sheep.JPG",NA
"84",84,"Incongruent","Bear","Snake","Image-Bear-Word-Snake.JPG",NA
"85",85,"Incongruent","Bear","Tiger","Image-Bear-Word-Tiger.JPG",NA
"86",86,"Incongruent","Bear","Whale","Image-Bear-Word-Whale.JPG",NA
"87",87,"Incongruent","Bear","Zebra","Image-Bear-Word-Zebra.JPG",NA
"88",88,"Incongruent","Bee","Alligator","Image-Bee-Word-Alligator.JPG",NA
"89",89,"Incongruent","Bee","Bat","Image-Bee-Word-Bat.JPG",NA
"90",90,"Incongruent","Bee","Bear","Image-Bee-Word-Bear.JPG",NA
"91",91,"Congruent","Bee","Bee","Image-Bee-Word-Bee.JPG",NA
"92",92,"Incongruent","Bee","Bird","Image-Bee-Word-Bird.JPG",NA
"93",93,"Incongruent","Bee","Butterfly","Image-Bee-Word-Butterfly.JPG",NA
"94",94,"Incongruent","Bee","Camel","Image-Bee-Word-Camel.JPG",NA
"95",95,"Incongruent","Bee","Cat","Image-Bee-Word-Cat.JPG",NA
"96",96,"Incongruent","Bee","Chicken","Image-Bee-Word-Chicken.JPG",NA
"97",97,"Incongruent","Bee","Cow","Image-Bee-Word-Cow.JPG",NA
"98",98,"Incongruent","Bee","Dog","Image-Bee-Word-Dog.JPG",NA
"99",99,"Incongruent","Bee","Duck","Image-Bee-Word-Duck.JPG",NA
"100",100,"Incongruent","Bee","Elephant","Image-Bee-Word-Elephant.JPG",NA
"101",101,"Incongruent","Bee","Fish","Image-Bee-Word-Fish.JPG",NA
"102",102,"Incongruent","Bee","Frog","Image-Bee-Word-Frog.JPG",NA
"103",103,"Incongruent","Bee","Giraffe","Image-Bee-Word-Giraffe.JPG",NA
"104",104,"Incongruent","Bee","Horse","Image-Bee-Word-Horse.JPG",NA
"105",105,"Incongruent","Bee","Kangaroo","Image-Bee-Word-Kangaroo.JPG",NA
"106",106,"Incongruent","Bee","Monkey","Image-Bee-Word-Monkey.JPG",NA
"107",107,"Incongruent","Bee","Moose","Image-Bee-Word-Moose.JPG",NA
"108",108,"Incongruent","Bee","Mouse","Image-Bee-Word-Mouse.JPG",NA
"109",109,"Incongruent","Bee","Pig","Image-Bee-Word-Pig.JPG",NA
"110",110,"Incongruent","Bee","Rabbit","Image-Bee-Word-Rabbit.JPG",NA
"111",111,"Incongruent","Bee","Raccoon","Image-Bee-Word-Raccoon.JPG",NA
"112",112,"Incongruent","Bee","Sheep","Image-Bee-Word-Sheep.JPG",NA
"113",113,"Incongruent","Bee","Snake","Image-Bee-Word-Snake.JPG",NA
"114",114,"Incongruent","Bee","Tiger","Image-Bee-Word-Tiger.JPG",NA
"115",115,"Incongruent","Bee","Whale","Image-Bee-Word-Whale.JPG",NA
"116",116,"Incongruent","Bee","Zebra","Image-Bee-Word-Zebra.JPG",NA
"117",117,"Incongruent","Bird","Alligator","Image-Bird-Word-Alligator.JPG",NA
"118",118,"Incongruent","Bird","Bat","Image-Bird-Word-Bat.JPG",NA
"119",119,"Incongruent","Bird","Bear","Image-Bird-Word-Bear.JPG",NA
"120",120,"Incongruent","Bird","Bee","Image-Bird-Word-Bee.JPG",NA
"121",121,"Congruent","Bird","Bird","Image-Bird-Word-Bird.JPG",NA
"122",122,"Incongruent","Bird","Butterfly","Image-Bird-Word-Butterfly.JPG",NA
"123",123,"Incongruent","Bird","Camel","Image-Bird-Word-Camel.JPG",NA
"124",124,"Incongruent","Bird","Cat","Image-Bird-Word-Cat.JPG",NA
"125",125,"Incongruent","Bird","Chicken","Image-Bird-Word-Chicken.JPG",NA
"126",126,"Incongruent","Bird","Cow","Image-Bird-Word-Cow.JPG",NA
"127",127,"Incongruent","Bird","Dog","Image-Bird-Word-Dog.JPG",NA
"128",128,"Incongruent","Bird","Duck","Image-Bird-Word-Duck.JPG",NA
"129",129,"Incongruent","Bird","Elephant","Image-Bird-Word-Elephant.JPG",NA
"130",130,"Incongruent","Bird","Fish","Image-Bird-Word-Fish.JPG",NA
"131",131,"Incongruent","Bird","Frog","Image-Bird-Word-Frog.JPG",NA
"132",132,"Incongruent","Bird","Giraffe","Image-Bird-Word-Giraffe.JPG",NA
"133",133,"Incongruent","Bird","Horse","Image-Bird-Word-Horse.JPG",NA
"134",134,"Incongruent","Bird","Kangaroo","Image-Bird-Word-Kangaroo.JPG",NA
"135",135,"Incongruent","Bird","Monkey","Image-Bird-Word-Monkey.JPG",NA
"136",136,"Incongruent","Bird","Moose","Image-Bird-Word-Moose.JPG",NA
"137",137,"Incongruent","Bird","Mouse","Image-Bird-Word-Mouse.JPG",NA
"138",138,"Incongruent","Bird","Pig","Image-Bird-Word-Pig.JPG",NA
"139",139,"Incongruent","Bird","Rabbit","Image-Bird-Word-Rabbit.JPG",NA
"140",140,"Incongruent","Bird","Raccoon","Image-Bird-Word-Raccoon.JPG",NA
"141",141,"Incongruent","Bird","Sheep","Image-Bird-Word-Sheep.JPG",NA
"142",142,"Incongruent","Bird","Snake","Image-Bird-Word-Snake.JPG",NA
"143",143,"Incongruent","Bird","Tiger","Image-Bird-Word-Tiger.JPG",NA
"144",144,"Incongruent","Bird","Whale","Image-Bird-Word-Whale.JPG",NA
"145",145,"Incongruent","Bird","Zebra","Image-Bird-Word-Zebra.JPG",NA
"146",146,"Incongruent","Butterfly","Alligator","Image-Butterfly-Word-Alligator.JPG",NA
"147",147,"Incongruent","Butterfly","Bat","Image-Butterfly-Word-Bat.JPG",NA
"148",148,"Incongruent","Butterfly","Bear","Image-Butterfly-Word-Bear.JPG",NA
"149",149,"Incongruent","Butterfly","Bee","Image-Butterfly-Word-Bee.JPG",NA
"150",150,"Incongruent","Butterfly","Bird","Image-Butterfly-Word-Bird.JPG",NA
"151",151,"Congruent","Butterfly","Butterfly","Image-Butterfly-Word-Butterfly.JPG",NA
"152",152,"Incongruent","Butterfly","Camel","Image-Butterfly-Word-Camel.JPG",NA
"153",153,"Incongruent","Butterfly","Cat","Image-Butterfly-Word-Cat.JPG",NA
"154",154,"Incongruent","Butterfly","Chicken","Image-Butterfly-Word-Chicken.JPG",NA
"155",155,"Incongruent","Butterfly","Cow","Image-Butterfly-Word-Cow.JPG",NA
"156",156,"Incongruent","Butterfly","Dog","Image-Butterfly-Word-Dog.JPG",NA
"157",157,"Incongruent","Butterfly","Duck","Image-Butterfly-Word-Duck.JPG",NA
"158",158,"Incongruent","Butterfly","Elephant","Image-Butterfly-Word-Elephant.JPG",NA
"159",159,"Incongruent","Butterfly","Fish","Image-Butterfly-Word-Fish.JPG",NA
"160",160,"Incongruent","Butterfly","Frog","Image-Butterfly-Word-Frog.JPG",NA
"161",161,"Incongruent","Butterfly","Giraffe","Image-Butterfly-Word-Giraffe.JPG",NA
"162",162,"Incongruent","Butterfly","Horse","Image-Butterfly-Word-Horse.JPG",NA
"163",163,"Incongruent","Butterfly","Kangaroo","Image-Butterfly-Word-Kangaroo.JPG",NA
"164",164,"Incongruent","Butterfly","Monkey","Image-Butterfly-Word-Monkey.JPG",NA
"165",165,"Incongruent","Butterfly","Moose","Image-Butterfly-Word-Moose.JPG",NA
"166",166,"Incongruent","Butterfly","Mouse","Image-Butterfly-Word-Mouse.JPG",NA
"167",167,"Incongruent","Butterfly","Pig","Image-Butterfly-Word-Pig.JPG",NA
"168",168,"Incongruent","Butterfly","Rabbit","Image-Butterfly-Word-Rabbit.JPG",NA
"169",169,"Incongruent","Butterfly","Raccoon","Image-Butterfly-Word-Raccoon.JPG",NA
"170",170,"Incongruent","Butterfly","Sheep","Image-Butterfly-Word-Sheep.JPG",NA
"171",171,"Incongruent","Butterfly","Snake","Image-Butterfly-Word-Snake.JPG",NA
"172",172,"Incongruent","Butterfly","Tiger","Image-Butterfly-Word-Tiger.JPG",NA
"173",173,"Incongruent","Butterfly","Whale","Image-Butterfly-Word-Whale.JPG",NA
"174",174,"Incongruent","Butterfly","Zebra","Image-Butterfly-Word-Zebra.JPG",NA
"175",175,"Incongruent","Camel","Alligator","Image-Camel-Word-Alligator.JPG",NA
"176",176,"Incongruent","Camel","Bat","Image-Camel-Word-Bat.JPG",NA
"177",177,"Incongruent","Camel","Bear","Image-Camel-Word-Bear.JPG",NA
"178",178,"Incongruent","Camel","Bee","Image-Camel-Word-Bee.JPG",NA
"179",179,"Incongruent","Camel","Bird","Image-Camel-Word-Bird.JPG",NA
"180",180,"Incongruent","Camel","Butterfly","Image-Camel-Word-Butterfly.JPG",NA
"181",181,"Congruent","Camel","Camel","Image-Camel-Word-Camel.JPG",NA
"182",182,"Incongruent","Camel","Cat","Image-Camel-Word-Cat.JPG",NA
"183",183,"Incongruent","Camel","Chicken","Image-Camel-Word-Chicken.JPG",NA
"184",184,"Incongruent","Camel","Cow","Image-Camel-Word-Cow.JPG",NA
"185",185,"Incongruent","Camel","Dog","Image-Camel-Word-Dog.JPG",NA
"186",186,"Incongruent","Camel","Duck","Image-Camel-Word-Duck.JPG",NA
"187",187,"Incongruent","Camel","Elephant","Image-Camel-Word-Elephant.JPG",NA
"188",188,"Incongruent","Camel","Fish","Image-Camel-Word-Fish.JPG",NA
"189",189,"Incongruent","Camel","Frog","Image-Camel-Word-Frog.JPG",NA
"190",190,"Incongruent","Camel","Giraffe","Image-Camel-Word-Giraffe.JPG",NA
"191",191,"Incongruent","Camel","Horse","Image-Camel-Word-Horse.JPG",NA
"192",192,"Incongruent","Camel","Kangaroo","Image-Camel-Word-Kangaroo.JPG",NA
"193",193,"Incongruent","Camel","Monkey","Image-Camel-Word-Monkey.JPG",NA
"194",194,"Incongruent","Camel","Moose","Image-Camel-Word-Moose.JPG",NA
"195",195,"Incongruent","Camel","Mouse","Image-Camel-Word-Mouse.JPG",NA
"196",196,"Incongruent","Camel","Pig","Image-Camel-Word-Pig.JPG",NA
"197",197,"Incongruent","Camel","Rabbit","Image-Camel-Word-Rabbit.JPG",NA
"198",198,"Incongruent","Camel","Raccoon","Image-Camel-Word-Raccoon.JPG",NA
"199",199,"Incongruent","Camel","Sheep","Image-Camel-Word-Sheep.JPG",NA
"200",200,"Incongruent","Camel","Snake","Image-Camel-Word-Snake.JPG",NA
"201",201,"Incongruent","Camel","Tiger","Image-Camel-Word-Tiger.JPG",NA
"202",202,"Incongruent","Camel","Whale","Image-Camel-Word-Whale.JPG",NA
"203",203,"Incongruent","Camel","Zebra","Image-Camel-Word-Zebra.JPG",NA
"204",204,"Incongruent","Cat","Alligator","Image-Cat-Word-Alligator.JPG",NA
"205",205,"Incongruent","Cat","Bat","Image-Cat-Word-Bat.JPG",NA
"206",206,"Incongruent","Cat","Bear","Image-Cat-Word-Bear.JPG",NA
"207",207,"Incongruent","Cat","Bee","Image-Cat-Word-Bee.JPG",NA
"208",208,"Incongruent","Cat","Bird","Image-Cat-Word-Bird.JPG",NA
"209",209,"Incongruent","Cat","Butterfly","Image-Cat-Word-Butterfly.JPG",NA
"210",210,"Incongruent","Cat","Camel","Image-Cat-Word-Camel.JPG",NA
"211",211,"Congruent","Cat","Cat","Image-Cat-Word-Cat.JPG",NA
"212",212,"Incongruent","Cat","Chicken","Image-Cat-Word-Chicken.JPG",NA
"213",213,"Incongruent","Cat","Cow","Image-Cat-Word-Cow.JPG",NA
"214",214,"Incongruent","Cat","Dog","Image-Cat-Word-Dog.JPG",NA
"215",215,"Incongruent","Cat","Duck","Image-Cat-Word-Duck.JPG",NA
"216",216,"Incongruent","Cat","Elephant","Image-Cat-Word-Elephant.JPG",NA
"217",217,"Incongruent","Cat","Fish","Image-Cat-Word-Fish.JPG",NA
"218",218,"Incongruent","Cat","Frog","Image-Cat-Word-Frog.JPG",NA
"219",219,"Incongruent","Cat","Giraffe","Image-Cat-Word-Giraffe.JPG",NA
"220",220,"Incongruent","Cat","Horse","Image-Cat-Word-Horse.JPG",NA
"221",221,"Incongruent","Cat","Kangaroo","Image-Cat-Word-Kangaroo.JPG",NA
"222",222,"Incongruent","Cat","Monkey","Image-Cat-Word-Monkey.JPG",NA
"223",223,"Incongruent","Cat","Moose","Image-Cat-Word-Moose.JPG",NA
"224",224,"Incongruent","Cat","Mouse","Image-Cat-Word-Mouse.JPG",NA
"225",225,"Incongruent","Cat","Pig","Image-Cat-Word-Pig.JPG",NA
"226",226,"Incongruent","Cat","Rabbit","Image-Cat-Word-Rabbit.JPG",NA
"227",227,"Incongruent","Cat","Raccoon","Image-Cat-Word-Raccoon.JPG",NA
"228",228,"Incongruent","Cat","Sheep","Image-Cat-Word-Sheep.JPG",NA
"229",229,"Incongruent","Cat","Snake","Image-Cat-Word-Snake.JPG",NA
"230",230,"Incongruent","Cat","Tiger","Image-Cat-Word-Tiger.JPG",NA
"231",231,"Incongruent","Cat","Whale","Image-Cat-Word-Whale.JPG",NA
"232",232,"Incongruent","Cat","Zebra","Image-Cat-Word-Zebra.JPG",NA
"233",233,"Incongruent","Chicken","Alligator","Image-Chicken-Word-Alligator.JPG",NA
"234",234,"Incongruent","Chicken","Bat","Image-Chicken-Word-Bat.JPG",NA
"235",235,"Incongruent","Chicken","Bear","Image-Chicken-Word-Bear.JPG",NA
"236",236,"Incongruent","Chicken","Bee","Image-Chicken-Word-Bee.JPG",NA
"237",237,"Incongruent","Chicken","Bird","Image-Chicken-Word-Bird.JPG",NA
"238",238,"Incongruent","Chicken","Butterfly","Image-Chicken-Word-Butterfly.JPG",NA
"239",239,"Incongruent","Chicken","Camel","Image-Chicken-Word-Camel.JPG",NA
"240",240,"Incongruent","Chicken","Cat","Image-Chicken-Word-Cat.JPG",NA
"241",241,"Congruent","Chicken","Chicken","Image-Chicken-Word-Chicken.JPG",NA
"242",242,"Incongruent","Chicken","Cow","Image-Chicken-Word-Cow.JPG",NA
"243",243,"Incongruent","Chicken","Dog","Image-Chicken-Word-Dog.JPG",NA
"244",244,"Incongruent","Chicken","Duck","Image-Chicken-Word-Duck.JPG",NA
"245",245,"Incongruent","Chicken","Elephant","Image-Chicken-Word-Elephant.JPG",NA
"246",246,"Incongruent","Chicken","Fish","Image-Chicken-Word-Fish.JPG",NA
"247",247,"Incongruent","Chicken","Frog","Image-Chicken-Word-Frog.JPG",NA
"248",248,"Incongruent","Chicken","Giraffe","Image-Chicken-Word-Giraffe.JPG",NA
"249",249,"Incongruent","Chicken","Horse","Image-Chicken-Word-Horse.JPG",NA
"250",250,"Incongruent","Chicken","Kangaroo","Image-Chicken-Word-Kangaroo.JPG",NA
"251",251,"Incongruent","Chicken","Monkey","Image-Chicken-Word-Monkey.JPG",NA
"252",252,"Incongruent","Chicken","Moose","Image-Chicken-Word-Moose.JPG",NA
"253",253,"Incongruent","Chicken","Mouse","Image-Chicken-Word-Mouse.JPG",NA
"254",254,"Incongruent","Chicken","Pig","Image-Chicken-Word-Pig.JPG",NA
"255",255,"Incongruent","Chicken","Rabbit","Image-Chicken-Word-Rabbit.JPG",NA
"256",256,"Incongruent","Chicken","Raccoon","Image-Chicken-Word-Raccoon.JPG",NA
"257",257,"Incongruent","Chicken","Sheep","Image-Chicken-Word-Sheep.JPG",NA
"258",258,"Incongruent","Chicken","Snake","Image-Chicken-Word-Snake.JPG",NA
"259",259,"Incongruent","Chicken","Tiger","Image-Chicken-Word-Tiger.JPG",NA
"260",260,"Incongruent","Chicken","Whale","Image-Chicken-Word-Whale.JPG",NA
"261",261,"Incongruent","Chicken","Zebra","Image-Chicken-Word-Zebra.JPG",NA
"262",262,"Incongruent","Cow","Alligator","Image-Cow-Word-Alligator.JPG",NA
"263",263,"Incongruent","Cow","Bat","Image-Cow-Word-Bat.JPG",NA
"264",264,"Incongruent","Cow","Bear","Image-Cow-Word-Bear.JPG",NA
"265",265,"Incongruent","Cow","Bee","Image-Cow-Word-Bee.JPG",NA
"266",266,"Incongruent","Cow","Bird","Image-Cow-Word-Bird.JPG",NA
"267",267,"Incongruent","Cow","Butterfly","Image-Cow-Word-Butterfly.JPG",NA
"268",268,"Incongruent","Cow","Camel","Image-Cow-Word-Camel.JPG",NA
"269",269,"Incongruent","Cow","Cat","Image-Cow-Word-Cat.JPG",NA
"270",270,"Incongruent","Cow","Chicken","Image-Cow-Word-Chicken.JPG",NA
"271",271,"Congruent","Cow","Cow","Image-Cow-Word-Cow.JPG",NA
"272",272,"Incongruent","Cow","Dog","Image-Cow-Word-Dog.JPG",NA
"273",273,"Incongruent","Cow","Duck","Image-Cow-Word-Duck.JPG",NA
"274",274,"Incongruent","Cow","Elephant","Image-Cow-Word-Elephant.JPG",NA
"275",275,"Incongruent","Cow","Fish","Image-Cow-Word-Fish.JPG",NA
"276",276,"Incongruent","Cow","Frog","Image-Cow-Word-Frog.JPG",NA
"277",277,"Incongruent","Cow","Giraffe","Image-Cow-Word-Giraffe.JPG",NA
"278",278,"Incongruent","Cow","Horse","Image-Cow-Word-Horse.JPG",NA
"279",279,"Incongruent","Cow","Kangaroo","Image-Cow-Word-Kangaroo.JPG",NA
"280",280,"Incongruent","Cow","Monkey","Image-Cow-Word-Monkey.JPG",NA
"281",281,"Incongruent","Cow","Moose","Image-Cow-Word-Moose.JPG",NA
"282",282,"Incongruent","Cow","Mouse","Image-Cow-Word-Mouse.JPG",NA
"283",283,"Incongruent","Cow","Pig","Image-Cow-Word-Pig.JPG",NA
"284",284,"Incongruent","Cow","Rabbit","Image-Cow-Word-Rabbit.JPG",NA
"285",285,"Incongruent","Cow","Raccoon","Image-Cow-Word-Raccoon.JPG",NA
"286",286,"Incongruent","Cow","Sheep","Image-Cow-Word-Sheep.JPG",NA
"287",287,"Incongruent","Cow","Snake","Image-Cow-Word-Snake.JPG",NA
"288",288,"Incongruent","Cow","Tiger","Image-Cow-Word-Tiger.JPG",NA
"289",289,"Incongruent","Cow","Whale","Image-Cow-Word-Whale.JPG",NA
"290",290,"Incongruent","Cow","Zebra","Image-Cow-Word-Zebra.JPG",NA
"291",291,"Incongruent","Dog","Alligator","Image-Dog-Word-Alligator.JPG",NA
"292",292,"Incongruent","Dog","Bat","Image-Dog-Word-Bat.JPG",NA
"293",293,"Incongruent","Dog","Bear","Image-Dog-Word-Bear.JPG",NA
"294",294,"Incongruent","Dog","Bee","Image-Dog-Word-Bee.JPG",NA
"295",295,"Incongruent","Dog","Bird","Image-Dog-Word-Bird.JPG",NA
"296",296,"Incongruent","Dog","Butterfly","Image-Dog-Word-Butterfly.JPG",NA
"297",297,"Incongruent","Dog","Camel","Image-Dog-Word-Camel.JPG",NA
"298",298,"Incongruent","Dog","Cat","Image-Dog-Word-Cat.JPG",NA
"299",299,"Incongruent","Dog","Chicken","Image-Dog-Word-Chicken.JPG",NA
"300",300,"Incongruent","Dog","Cow","Image-Dog-Word-Cow.JPG",NA
"301",301,"Congruent","Dog","Dog","Image-Dog-Word-Dog.JPG",NA
"302",302,"Incongruent","Dog","Duck","Image-Dog-Word-Duck.JPG",NA
"303",303,"Incongruent","Dog","Elephant","Image-Dog-Word-Elephant.JPG",NA
"304",304,"Incongruent","Dog","Fish","Image-Dog-Word-Fish.JPG",NA
"305",305,"Incongruent","Dog","Frog","Image-Dog-Word-Frog.JPG",NA
"306",306,"Incongruent","Dog","Giraffe","Image-Dog-Word-Giraffe.JPG",NA
"307",307,"Incongruent","Dog","Horse","Image-Dog-Word-Horse.JPG",NA
"308",308,"Incongruent","Dog","Kangaroo","Image-Dog-Word-Kangaroo.JPG",NA
"309",309,"Incongruent","Dog","Monkey","Image-Dog-Word-Monkey.JPG",NA
"310",310,"Incongruent","Dog","Moose","Image-Dog-Word-Moose.JPG",NA
"311",311,"Incongruent","Dog","Mouse","Image-Dog-Word-Mouse.JPG",NA
"312",312,"Incongruent","Dog","Pig","Image-Dog-Word-Pig.JPG",NA
"313",313,"Incongruent","Dog","Rabbit","Image-Dog-Word-Rabbit.JPG",NA
"314",314,"Incongruent","Dog","Raccoon","Image-Dog-Word-Raccoon.JPG",NA
"315",315,"Incongruent","Dog","Sheep","Image-Dog-Word-Sheep.JPG",NA
"316",316,"Incongruent","Dog","Snake","Image-Dog-Word-Snake.JPG",NA
"317",317,"Incongruent","Dog","Tiger","Image-Dog-Word-Tiger.JPG",NA
"318",318,"Incongruent","Dog","Whale","Image-Dog-Word-Whale.JPG",NA
"319",319,"Incongruent","Dog","Zebra","Image-Dog-Word-Zebra.JPG",NA
"320",320,"Incongruent","Duck","Alligator","Image-Duck-Word-Alligator.JPG",NA
"321",321,"Incongruent","Duck","Bat","Image-Duck-Word-Bat.JPG",NA
"322",322,"Incongruent","Duck","Bear","Image-Duck-Word-Bear.JPG",NA
"323",323,"Incongruent","Duck","Bee","Image-Duck-Word-Bee.JPG",NA
"324",324,"Incongruent","Duck","Bird","Image-Duck-Word-Bird.JPG",NA
"325",325,"Incongruent","Duck","Butterfly","Image-Duck-Word-Butterfly.JPG",NA
"326",326,"Incongruent","Duck","Camel","Image-Duck-Word-Camel.JPG",NA
"327",327,"Incongruent","Duck","Cat","Image-Duck-Word-Cat.JPG",NA
"328",328,"Incongruent","Duck","Chicken","Image-Duck-Word-Chicken.JPG",NA
"329",329,"Incongruent","Duck","Cow","Image-Duck-Word-Cow.JPG",NA
"330",330,"Incongruent","Duck","Dog","Image-Duck-Word-Dog.JPG",NA
"331",331,"Congruent","Duck","Duck","Image-Duck-Word-Duck.JPG",NA
"332",332,"Incongruent","Duck","Elephant","Image-Duck-Word-Elephant.JPG",NA
"333",333,"Incongruent","Duck","Fish","Image-Duck-Word-Fish.JPG",NA
"334",334,"Incongruent","Duck","Frog","Image-Duck-Word-Frog.JPG",NA
"335",335,"Incongruent","Duck","Giraffe","Image-Duck-Word-Giraffe.JPG",NA
"336",336,"Incongruent","Duck","Horse","Image-Duck-Word-Horse.JPG",NA
"337",337,"Incongruent","Duck","Kangaroo","Image-Duck-Word-Kangaroo.JPG",NA
"338",338,"Incongruent","Duck","Monkey","Image-Duck-Word-Monkey.JPG",NA
"339",339,"Incongruent","Duck","Moose","Image-Duck-Word-Moose.JPG",NA
"340",340,"Incongruent","Duck","Mouse","Image-Duck-Word-Mouse.JPG",NA
"341",341,"Incongruent","Duck","Pig","Image-Duck-Word-Pig.JPG",NA
"342",342,"Incongruent","Duck","Rabbit","Image-Duck-Word-Rabbit.JPG",NA
"343",343,"Incongruent","Duck","Raccoon","Image-Duck-Word-Raccoon.JPG",NA
"344",344,"Incongruent","Duck","Sheep","Image-Duck-Word-Sheep.JPG",NA
"345",345,"Incongruent","Duck","Snake","Image-Duck-Word-Snake.JPG",NA
"346",346,"Incongruent","Duck","Tiger","Image-Duck-Word-Tiger.JPG",NA
"347",347,"Incongruent","Duck","Whale","Image-Duck-Word-Whale.JPG",NA
"348",348,"Incongruent","Duck","Zebra","Image-Duck-Word-Zebra.JPG",NA
"349",349,"Incongruent","Elephant","Alligator","Image-Elephant-Word-Alligator.JPG",NA
"350",350,"Incongruent","Elephant","Bat","Image-Elephant-Word-Bat.JPG",NA
"351",351,"Incongruent","Elephant","Bear","Image-Elephant-Word-Bear.JPG",NA
"352",352,"Incongruent","Elephant","Bee","Image-Elephant-Word-Bee.JPG",NA
"353",353,"Incongruent","Elephant","Bird","Image-Elephant-Word-Bird.JPG",NA
"354",354,"Incongruent","Elephant","Butterfly","Image-Elephant-Word-Butterfly.JPG",NA
"355",355,"Incongruent","Elephant","Camel","Image-Elephant-Word-Camel.JPG",NA
"356",356,"Incongruent","Elephant","Cat","Image-Elephant-Word-Cat.JPG",NA
"357",357,"Incongruent","Elephant","Chicken","Image-Elephant-Word-Chicken.JPG",NA
"358",358,"Incongruent","Elephant","Cow","Image-Elephant-Word-Cow.JPG",NA
"359",359,"Incongruent","Elephant","Dog","Image-Elephant-Word-Dog.JPG",NA
"360",360,"Incongruent","Elephant","Duck","Image-Elephant-Word-Duck.JPG",NA
"361",361,"Congruent","Elephant","Elephant","Image-Elephant-Word-Elephant.JPG",NA
"362",362,"Incongruent","Elephant","Fish","Image-Elephant-Word-Fish.JPG",NA
"363",363,"Incongruent","Elephant","Frog","Image-Elephant-Word-Frog.JPG",NA
"364",364,"Incongruent","Elephant","Giraffe","Image-Elephant-Word-Giraffe.JPG",NA
"365",365,"Incongruent","Elephant","Horse","Image-Elephant-Word-Horse.JPG",NA
"366",366,"Incongruent","Elephant","Kangaroo","Image-Elephant-Word-Kangaroo.JPG",NA
"367",367,"Incongruent","Elephant","Monkey","Image-Elephant-Word-Monkey.JPG",NA
"368",368,"Incongruent","Elephant","Moose","Image-Elephant-Word-Moose.JPG",NA
"369",369,"Incongruent","Elephant","Mouse","Image-Elephant-Word-Mouse.JPG",NA
"370",370,"Incongruent","Elephant","Pig","Image-Elephant-Word-Pig.JPG",NA
"371",371,"Incongruent","Elephant","Rabbit","Image-Elephant-Word-Rabbit.JPG",NA
"372",372,"Incongruent","Elephant","Raccoon","Image-Elephant-Word-Raccoon.JPG",NA
"373",373,"Incongruent","Elephant","Sheep","Image-Elephant-Word-Sheep.JPG",NA
"374",374,"Incongruent","Elephant","Snake","Image-Elephant-Word-Snake.JPG",NA
"375",375,"Incongruent","Elephant","Tiger","Image-Elephant-Word-Tiger.JPG",NA
"376",376,"Incongruent","Elephant","Whale","Image-Elephant-Word-Whale.JPG",NA
"377",377,"Incongruent","Elephant","Zebra","Image-Elephant-Word-Zebra.JPG",NA
"378",378,"Incongruent","Fish","Alligator","Image-Fish-Word-Alligator.JPG",NA
"379",379,"Incongruent","Fish","Bat","Image-Fish-Word-Bat.JPG",NA
"380",380,"Incongruent","Fish","Bear","Image-Fish-Word-Bear.JPG",NA
"381",381,"Incongruent","Fish","Bee","Image-Fish-Word-Bee.JPG",NA
"382",382,"Incongruent","Fish","Bird","Image-Fish-Word-Bird.JPG",NA
"383",383,"Incongruent","Fish","Butterfly","Image-Fish-Word-Butterfly.JPG",NA
"384",384,"Incongruent","Fish","Camel","Image-Fish-Word-Camel.JPG",NA
"385",385,"Incongruent","Fish","Cat","Image-Fish-Word-Cat.JPG",NA
"386",386,"Incongruent","Fish","Chicken","Image-Fish-Word-Chicken.JPG",NA
"387",387,"Incongruent","Fish","Cow","Image-Fish-Word-Cow.JPG",NA
"388",388,"Incongruent","Fish","Dog","Image-Fish-Word-Dog.JPG",NA
"389",389,"Incongruent","Fish","Duck","Image-Fish-Word-Duck.JPG",NA
"390",390,"Incongruent","Fish","Elephant","Image-Fish-Word-Elephant.JPG",NA
"391",391,"Congruent","Fish","Fish","Image-Fish-Word-Fish.JPG",NA
"392",392,"Incongruent","Fish","Frog","Image-Fish-Word-Frog.JPG",NA
"393",393,"Incongruent","Fish","Giraffe","Image-Fish-Word-Giraffe.JPG",NA
"394",394,"Incongruent","Fish","Horse","Image-Fish-Word-Horse.JPG",NA
"395",395,"Incongruent","Fish","Kangaroo","Image-Fish-Word-Kangaroo.JPG",NA
"396",396,"Incongruent","Fish","Monkey","Image-Fish-Word-Monkey.JPG",NA
"397",397,"Incongruent","Fish","Moose","Image-Fish-Word-Moose.JPG",NA
"398",398,"Incongruent","Fish","Mouse","Image-Fish-Word-Mouse.JPG",NA
"399",399,"Incongruent","Fish","Pig","Image-Fish-Word-Pig.JPG",NA
"400",400,"Incongruent","Fish","Rabbit","Image-Fish-Word-Rabbit.JPG",NA
"401",401,"Incongruent","Fish","Raccoon","Image-Fish-Word-Raccoon.JPG",NA
"402",402,"Incongruent","Fish","Sheep","Image-Fish-Word-Sheep.JPG",NA
"403",403,"Incongruent","Fish","Snake","Image-Fish-Word-Snake.JPG",NA
"404",404,"Incongruent","Fish","Tiger","Image-Fish-Word-Tiger.JPG",NA
"405",405,"Incongruent","Fish","Whale","Image-Fish-Word-Whale.JPG",NA
"406",406,"Incongruent","Fish","Zebra","Image-Fish-Word-Zebra.JPG",NA
"407",407,"Incongruent","Frog","Alligator","Image-Frog-Word-Alligator.JPG",NA
"408",408,"Incongruent","Frog","Bat","Image-Frog-Word-Bat.JPG",NA
"409",409,"Incongruent","Frog","Bear","Image-Frog-Word-Bear.JPG",NA
"410",410,"Incongruent","Frog","Bee","Image-Frog-Word-Bee.JPG",NA
"411",411,"Incongruent","Frog","Bird","Image-Frog-Word-Bird.JPG",NA
"412",412,"Incongruent","Frog","Butterfly","Image-Frog-Word-Butterfly.JPG",NA
"413",413,"Incongruent","Frog","Camel","Image-Frog-Word-Camel.JPG",NA
"414",414,"Incongruent","Frog","Cat","Image-Frog-Word-Cat.JPG",NA
"415",415,"Incongruent","Frog","Chicken","Image-Frog-Word-Chicken.JPG",NA
"416",416,"Incongruent","Frog","Cow","Image-Frog-Word-Cow.JPG",NA
"417",417,"Incongruent","Frog","Dog","Image-Frog-Word-Dog.JPG",NA
"418",418,"Incongruent","Frog","Duck","Image-Frog-Word-Duck.JPG",NA
"419",419,"Incongruent","Frog","Elephant","Image-Frog-Word-Elephant.JPG",NA
"420",420,"Incongruent","Frog","Fish","Image-Frog-Word-Fish.JPG",NA
"421",421,"Congruent","Frog","Frog","Image-Frog-Word-Frog.JPG",NA
"422",422,"Incongruent","Frog","Giraffe","Image-Frog-Word-Giraffe.JPG",NA
"423",423,"Incongruent","Frog","Horse","Image-Frog-Word-Horse.JPG",NA
"424",424,"Incongruent","Frog","Kangaroo","Image-Frog-Word-Kangaroo.JPG",NA
"425",425,"Incongruent","Frog","Monkey","Image-Frog-Word-Monkey.JPG",NA
"426",426,"Incongruent","Frog","Moose","Image-Frog-Word-Moose.JPG",NA
"427",427,"Incongruent","Frog","Mouse","Image-Frog-Word-Mouse.JPG",NA
"428",428,"Incongruent","Frog","Pig","Image-Frog-Word-Pig.JPG",NA
"429",429,"Incongruent","Frog","Rabbit","Image-Frog-Word-Rabbit.JPG",NA
"430",430,"Incongruent","Frog","Raccoon","Image-Frog-Word-Raccoon.JPG",NA
"431",431,"Incongruent","Frog","Sheep","Image-Frog-Word-Sheep.JPG",NA
"432",432,"Incongruent","Frog","Snake","Image-Frog-Word-Snake.JPG",NA
"433",433,"Incongruent","Frog","Tiger","Image-Frog-Word-Tiger.JPG",NA
"434",434,"Incongruent","Frog","Whale","Image-Frog-Word-Whale.JPG",NA
"435",435,"Incongruent","Frog","Zebra","Image-Frog-Word-Zebra.JPG",NA
"436",436,"Incongruent","Giraffe","Alligator","Image-Giraffe-Word-Alligator.JPG",NA
"437",437,"Incongruent","Giraffe","Bat","Image-Giraffe-Word-Bat.JPG",NA
"438",438,"Incongruent","Giraffe","Bear","Image-Giraffe-Word-Bear.JPG",NA
"439",439,"Incongruent","Giraffe","Bee","Image-Giraffe-Word-Bee.JPG",NA
"440",440,"Incongruent","Giraffe","Bird","Image-Giraffe-Word-Bird.JPG",NA
"441",441,"Incongruent","Giraffe","Butterfly","Image-Giraffe-Word-Butterfly.JPG",NA
"442",442,"Incongruent","Giraffe","Camel","Image-Giraffe-Word-Camel.JPG",NA
"443",443,"Incongruent","Giraffe","Cat","Image-Giraffe-Word-Cat.JPG",NA
"444",444,"Incongruent","Giraffe","Chicken","Image-Giraffe-Word-Chicken.JPG",NA
"445",445,"Incongruent","Giraffe","Cow","Image-Giraffe-Word-Cow.JPG",NA
"446",446,"Incongruent","Giraffe","Dog","Image-Giraffe-Word-Dog.JPG",NA
"447",447,"Incongruent","Giraffe","Duck","Image-Giraffe-Word-Duck.JPG",NA
"448",448,"Incongruent","Giraffe","Elephant","Image-Giraffe-Word-Elephant.JPG",NA
"449",449,"Incongruent","Giraffe","Fish","Image-Giraffe-Word-Fish.JPG",NA
"450",450,"Incongruent","Giraffe","Frog","Image-Giraffe-Word-Frog.JPG",NA
"451",451,"Congruent","Giraffe","Giraffe","Image-Giraffe-Word-Giraffe.JPG",NA
"452",452,"Incongruent","Giraffe","Horse","Image-Giraffe-Word-Horse.JPG",NA
"453",453,"Incongruent","Giraffe","Kangaroo","Image-Giraffe-Word-Kangaroo.JPG",NA
"454",454,"Incongruent","Giraffe","Monkey","Image-Giraffe-Word-Monkey.JPG",NA
"455",455,"Incongruent","Giraffe","Moose","Image-Giraffe-Word-Moose.JPG",NA
"456",456,"Incongruent","Giraffe","Mouse","Image-Giraffe-Word-Mouse.JPG",NA
"457",457,"Incongruent","Giraffe","Pig","Image-Giraffe-Word-Pig.JPG",NA
"458",458,"Incongruent","Giraffe","Rabbit","Image-Giraffe-Word-Rabbit.JPG",NA
"459",459,"Incongruent","Giraffe","Raccoon","Image-Giraffe-Word-Raccoon.JPG",NA
"460",460,"Incongruent","Giraffe","Sheep","Image-Giraffe-Word-Sheep.JPG",NA
"461",461,"Incongruent","Giraffe","Snake","Image-Giraffe-Word-Snake.JPG",NA
"462",462,"Incongruent","Giraffe","Tiger","Image-Giraffe-Word-Tiger.JPG",NA
"463",463,"Incongruent","Giraffe","Whale","Image-Giraffe-Word-Whale.JPG",NA
"464",464,"Incongruent","Giraffe","Zebra","Image-Giraffe-Word-Zebra.JPG",NA
"465",465,"Incongruent","Horse","Alligator","Image-Horse-Word-Alligator.JPG",NA
"466",466,"Incongruent","Horse","Bat","Image-Horse-Word-Bat.JPG",NA
"467",467,"Incongruent","Horse","Bear","Image-Horse-Word-Bear.JPG",NA
"468",468,"Incongruent","Horse","Bee","Image-Horse-Word-Bee.JPG",NA
"469",469,"Incongruent","Horse","Bird","Image-Horse-Word-Bird.JPG",NA
"470",470,"Incongruent","Horse","Butterfly","Image-Horse-Word-Butterfly.JPG",NA
"471",471,"Incongruent","Horse","Camel","Image-Horse-Word-Camel.JPG",NA
"472",472,"Incongruent","Horse","Cat","Image-Horse-Word-Cat.JPG",NA
"473",473,"Incongruent","Horse","Chicken","Image-Horse-Word-Chicken.JPG",NA
"474",474,"Incongruent","Horse","Cow","Image-Horse-Word-Cow.JPG",NA
"475",475,"Incongruent","Horse","Dog","Image-Horse-Word-Dog.JPG",NA
"476",476,"Incongruent","Horse","Duck","Image-Horse-Word-Duck.JPG",NA
"477",477,"Incongruent","Horse","Elephant","Image-Horse-Word-Elephant.JPG",NA
"478",478,"Incongruent","Horse","Fish","Image-Horse-Word-Fish.JPG",NA
"479",479,"Incongruent","Horse","Frog","Image-Horse-Word-Frog.JPG",NA
"480",480,"Incongruent","Horse","Giraffe","Image-Horse-Word-Giraffe.JPG",NA
"481",481,"Congruent","Horse","Horse","Image-Horse-Word-Horse.JPG",NA
"482",482,"Incongruent","Horse","Kangaroo","Image-Horse-Word-Kangaroo.JPG",NA
"483",483,"Incongruent","Horse","Monkey","Image-Horse-Word-Monkey.JPG",NA
"484",484,"Incongruent","Horse","Moose","Image-Horse-Word-Moose.JPG",NA
"485",485,"Incongruent","Horse","Mouse","Image-Horse-Word-Mouse.JPG",NA
"486",486,"Incongruent","Horse","Pig","Image-Horse-Word-Pig.JPG",NA
"487",487,"Incongruent","Horse","Rabbit","Image-Horse-Word-Rabbit.JPG",NA
"488",488,"Incongruent","Horse","Raccoon","Image-Horse-Word-Raccoon.JPG",NA
"489",489,"Incongruent","Horse","Sheep","Image-Horse-Word-Sheep.JPG",NA
"490",490,"Incongruent","Horse","Snake","Image-Horse-Word-Snake.JPG",NA
"491",491,"Incongruent","Horse","Tiger","Image-Horse-Word-Tiger.JPG",NA
"492",492,"Incongruent","Horse","Whale","Image-Horse-Word-Whale.JPG",NA
"493",493,"Incongruent","Horse","Zebra","Image-Horse-Word-Zebra.JPG",NA
"494",494,"Incongruent","Kangaroo","Alligator","Image-Kangaroo-Word-Alligator.JPG",NA
"495",495,"Incongruent","Kangaroo","Bat","Image-Kangaroo-Word-Bat.JPG",NA
"496",496,"Incongruent","Kangaroo","Bear","Image-Kangaroo-Word-Bear.JPG",NA
"497",497,"Incongruent","Kangaroo","Bee","Image-Kangaroo-Word-Bee.JPG",NA
"498",498,"Incongruent","Kangaroo","Bird","Image-Kangaroo-Word-Bird.JPG",NA
"499",499,"Incongruent","Kangaroo","Butterfly","Image-Kangaroo-Word-Butterfly.JPG",NA
"500",500,"Incongruent","Kangaroo","Camel","Image-Kangaroo-Word-Camel.JPG",NA
"501",501,"Incongruent","Kangaroo","Cat","Image-Kangaroo-Word-Cat.JPG",NA
"502",502,"Incongruent","Kangaroo","Chicken","Image-Kangaroo-Word-Chicken.JPG",NA
"503",503,"Incongruent","Kangaroo","Cow","Image-Kangaroo-Word-Cow.JPG",NA
"504",504,"Incongruent","Kangaroo","Dog","Image-Kangaroo-Word-Dog.JPG",NA
"505",505,"Incongruent","Kangaroo","Duck","Image-Kangaroo-Word-Duck.JPG",NA
"506",506,"Incongruent","Kangaroo","Elephant","Image-Kangaroo-Word-Elephant.JPG",NA
"507",507,"Incongruent","Kangaroo","Fish","Image-Kangaroo-Word-Fish.JPG",NA
"508",508,"Incongruent","Kangaroo","Frog","Image-Kangaroo-Word-Frog.JPG",NA
"509",509,"Incongruent","Kangaroo","Giraffe","Image-Kangaroo-Word-Giraffe.JPG",NA
"510",510,"Incongruent","Kangaroo","Horse","Image-Kangaroo-Word-Horse.JPG",NA
"511",511,"Congruent","Kangaroo","Kangaroo","Image-Kangaroo-Word-Kangaroo.JPG",NA
"512",512,"Incongruent","Kangaroo","Monkey","Image-Kangaroo-Word-Monkey.JPG",NA
"513",513,"Incongruent","Kangaroo","Moose","Image-Kangaroo-Word-Moose.JPG",NA
"514",514,"Incongruent","Kangaroo","Mouse","Image-Kangaroo-Word-Mouse.JPG",NA
"515",515,"Incongruent","Kangaroo","Pig","Image-Kangaroo-Word-Pig.JPG",NA
"516",516,"Incongruent","Kangaroo","Rabbit","Image-Kangaroo-Word-Rabbit.JPG",NA
"517",517,"Incongruent","Kangaroo","Raccoon","Image-Kangaroo-Word-Raccoon.JPG",NA
"518",518,"Incongruent","Kangaroo","Sheep","Image-Kangaroo-Word-Sheep.JPG",NA
"519",519,"Incongruent","Kangaroo","Snake","Image-Kangaroo-Word-Snake.JPG",NA
"520",520,"Incongruent","Kangaroo","Tiger","Image-Kangaroo-Word-Tiger.JPG",NA
"521",521,"Incongruent","Kangaroo","Whale","Image-Kangaroo-Word-Whale.JPG",NA
"522",522,"Incongruent","Kangaroo","Zebra","Image-Kangaroo-Word-Zebra.JPG",NA
"523",523,"Incongruent","Monkey","Alligator","Image-Monkey-Word-Alligator.JPG",NA
"524",524,"Incongruent","Monkey","Bat","Image-Monkey-Word-Bat.JPG",NA
"525",525,"Incongruent","Monkey","Bear","Image-Monkey-Word-Bear.JPG",NA
"526",526,"Incongruent","Monkey","Bee","Image-Monkey-Word-Bee.JPG",NA
"527",527,"Incongruent","Monkey","Bird","Image-Monkey-Word-Bird.JPG",NA
"528",528,"Incongruent","Monkey","Butterfly","Image-Monkey-Word-Butterfly.JPG",NA
"529",529,"Incongruent","Monkey","Camel","Image-Monkey-Word-Camel.JPG",NA
"530",530,"Incongruent","Monkey","Cat","Image-Monkey-Word-Cat.JPG",NA
"531",531,"Incongruent","Monkey","Chicken","Image-Monkey-Word-Chicken.JPG",NA
"532",532,"Incongruent","Monkey","Cow","Image-Monkey-Word-Cow.JPG",NA
"533",533,"Incongruent","Monkey","Dog","Image-Monkey-Word-Dog.JPG",NA
"534",534,"Incongruent","Monkey","Duck","Image-Monkey-Word-Duck.JPG",NA
"535",535,"Incongruent","Monkey","Elephant","Image-Monkey-Word-Elephant.JPG",NA
"536",536,"Incongruent","Monkey","Fish","Image-Monkey-Word-Fish.JPG",NA
"537",537,"Incongruent","Monkey","Frog","Image-Monkey-Word-Frog.JPG",NA
"538",538,"Incongruent","Monkey","Giraffe","Image-Monkey-Word-Giraffe.JPG",NA
"539",539,"Incongruent","Monkey","Horse","Image-Monkey-Word-Horse.JPG",NA
"540",540,"Incongruent","Monkey","Kangaroo","Image-Monkey-Word-Kangaroo.JPG",NA
"541",541,"Congruent","Monkey","Monkey","Image-Monkey-Word-Monkey.JPG",NA
"542",542,"Incongruent","Monkey","Moose","Image-Monkey-Word-Moose.JPG",NA
"543",543,"Incongruent","Monkey","Mouse","Image-Monkey-Word-Mouse.JPG",NA
"544",544,"Incongruent","Monkey","Pig","Image-Monkey-Word-Pig.JPG",NA
"545",545,"Incongruent","Monkey","Rabbit","Image-Monkey-Word-Rabbit.JPG",NA
"546",546,"Incongruent","Monkey","Raccoon","Image-Monkey-Word-Raccoon.JPG",NA
"547",547,"Incongruent","Monkey","Sheep","Image-Monkey-Word-Sheep.JPG",NA
"548",548,"Incongruent","Monkey","Snake","Image-Monkey-Word-Snake.JPG",NA
"549",549,"Incongruent","Monkey","Tiger","Image-Monkey-Word-Tiger.JPG",NA
"550",550,"Incongruent","Monkey","Whale","Image-Monkey-Word-Whale.JPG",NA
"551",551,"Incongruent","Monkey","Zebra","Image-Monkey-Word-Zebra.JPG",NA
"552",552,"Incongruent","Moose","Alligator","Image-Moose-Word-Alligator.JPG",NA
"553",553,"Incongruent","Moose","Bat","Image-Moose-Word-Bat.JPG",NA
"554",554,"Incongruent","Moose","Bear","Image-Moose-Word-Bear.JPG",NA
"555",555,"Incongruent","Moose","Bee","Image-Moose-Word-Bee.JPG",NA
"556",556,"Incongruent","Moose","Bird","Image-Moose-Word-Bird.JPG",NA
"557",557,"Incongruent","Moose","Butterfly","Image-Moose-Word-Butterfly.JPG",NA
"558",558,"Incongruent","Moose","Camel","Image-Moose-Word-Camel.JPG",NA
"559",559,"Incongruent","Moose","Cat","Image-Moose-Word-Cat.JPG",NA
"560",560,"Incongruent","Moose","Chicken","Image-Moose-Word-Chicken.JPG",NA
"561",561,"Incongruent","Moose","Cow","Image-Moose-Word-Cow.JPG",NA
"562",562,"Incongruent","Moose","Dog","Image-Moose-Word-Dog.JPG",NA
"563",563,"Incongruent","Moose","Duck","Image-Moose-Word-Duck.JPG",NA
"564",564,"Incongruent","Moose","Elephant","Image-Moose-Word-Elephant.JPG",NA
"565",565,"Incongruent","Moose","Fish","Image-Moose-Word-Fish.JPG",NA
"566",566,"Incongruent","Moose","Frog","Image-Moose-Word-Frog.JPG",NA
"567",567,"Incongruent","Moose","Giraffe","Image-Moose-Word-Giraffe.JPG",NA
"568",568,"Incongruent","Moose","Horse","Image-Moose-Word-Horse.JPG",NA
"569",569,"Incongruent","Moose","Kangaroo","Image-Moose-Word-Kangaroo.JPG",NA
"570",570,"Incongruent","Moose","Monkey","Image-Moose-Word-Monkey.JPG",NA
"571",571,"Congruent","Moose","Moose","Image-Moose-Word-Moose.JPG",NA
"572",572,"Incongruent","Moose","Mouse","Image-Moose-Word-Mouse.JPG",NA
"573",573,"Incongruent","Moose","Pig","Image-Moose-Word-Pig.JPG",NA
"574",574,"Incongruent","Moose","Rabbit","Image-Moose-Word-Rabbit.JPG",NA
"575",575,"Incongruent","Moose","Raccoon","Image-Moose-Word-Raccoon.JPG",NA
"576",576,"Incongruent","Moose","Sheep","Image-Moose-Word-Sheep.JPG",NA
"577",577,"Incongruent","Moose","Snake","Image-Moose-Word-Snake.JPG",NA
"578",578,"Incongruent","Moose","Tiger","Image-Moose-Word-Tiger.JPG",NA
"579",579,"Incongruent","Moose","Whale","Image-Moose-Word-Whale.JPG",NA
"580",580,"Incongruent","Moose","Zebra","Image-Moose-Word-Zebra.JPG",NA
"581",581,"Incongruent","Mouse","Alligator","Image-Mouse-Word-Alligator.JPG",NA
"582",582,"Incongruent","Mouse","Bat","Image-Mouse-Word-Bat.JPG",NA
"583",583,"Incongruent","Mouse","Bear","Image-Mouse-Word-Bear.JPG",NA
"584",584,"Incongruent","Mouse","Bee","Image-Mouse-Word-Bee.JPG",NA
"585",585,"Incongruent","Mouse","Bird","Image-Mouse-Word-Bird.JPG",NA
"586",586,"Incongruent","Mouse","Butterfly","Image-Mouse-Word-Butterfly.JPG",NA
"587",587,"Incongruent","Mouse","Camel","Image-Mouse-Word-Camel.JPG",NA
"588",588,"Incongruent","Mouse","Cat","Image-Mouse-Word-Cat.JPG",NA
"589",589,"Incongruent","Mouse","Chicken","Image-Mouse-Word-Chicken.JPG",NA
"590",590,"Incongruent","Mouse","Cow","Image-Mouse-Word-Cow.JPG",NA
"591",591,"Incongruent","Mouse","Dog","Image-Mouse-Word-Dog.JPG",NA
"592",592,"Incongruent","Mouse","Duck","Image-Mouse-Word-Duck.JPG",NA
"593",593,"Incongruent","Mouse","Elephant","Image-Mouse-Word-Elephant.JPG",NA
"594",594,"Incongruent","Mouse","Fish","Image-Mouse-Word-Fish.JPG",NA
"595",595,"Incongruent","Mouse","Frog","Image-Mouse-Word-Frog.JPG",NA
"596",596,"Incongruent","Mouse","Giraffe","Image-Mouse-Word-Giraffe.JPG",NA
"597",597,"Incongruent","Mouse","Horse","Image-Mouse-Word-Horse.JPG",NA
"598",598,"Incongruent","Mouse","Kangaroo","Image-Mouse-Word-Kangaroo.JPG",NA
"599",599,"Incongruent","Mouse","Monkey","Image-Mouse-Word-Monkey.JPG",NA
"600",600,"Incongruent","Mouse","Moose","Image-Mouse-Word-Moose.JPG",NA
"601",601,"Congruent","Mouse","Mouse","Image-Mouse-Word-Mouse.JPG",NA
"602",602,"Incongruent","Mouse","Pig","Image-Mouse-Word-Pig.JPG",NA
"603",603,"Incongruent","Mouse","Rabbit","Image-Mouse-Word-Rabbit.JPG",NA
"604",604,"Incongruent","Mouse","Raccoon","Image-Mouse-Word-Raccoon.JPG",NA
"605",605,"Incongruent","Mouse","Sheep","Image-Mouse-Word-Sheep.JPG",NA
"606",606,"Incongruent","Mouse","Snake","Image-Mouse-Word-Snake.JPG",NA
"607",607,"Incongruent","Mouse","Tiger","Image-Mouse-Word-Tiger.JPG",NA
"608",608,"Incongruent","Mouse","Whale","Image-Mouse-Word-Whale.JPG",NA
"609",609,"Incongruent","Mouse","Zebra","Image-Mouse-Word-Zebra.JPG",NA
"610",610,"Incongruent","Pig","Alligator","Image-Pig-Word-Alligator.JPG",NA
"611",611,"Incongruent","Pig","Bat","Image-Pig-Word-Bat.JPG",NA
"612",612,"Incongruent","Pig","Bear","Image-Pig-Word-Bear.JPG",NA
"613",613,"Incongruent","Pig","Bee","Image-Pig-Word-Bee.JPG",NA
"614",614,"Incongruent","Pig","Bird","Image-Pig-Word-Bird.JPG",NA
"615",615,"Incongruent","Pig","Butterfly","Image-Pig-Word-Butterfly.JPG",NA
"616",616,"Incongruent","Pig","Camel","Image-Pig-Word-Camel.JPG",NA
"617",617,"Incongruent","Pig","Cat","Image-Pig-Word-Cat.JPG",NA
"618",618,"Incongruent","Pig","Chicken","Image-Pig-Word-Chicken.JPG",NA
"619",619,"Incongruent","Pig","Cow","Image-Pig-Word-Cow.JPG",NA
"620",620,"Incongruent","Pig","Dog","Image-Pig-Word-Dog.JPG",NA
"621",621,"Incongruent","Pig","Duck","Image-Pig-Word-Duck.JPG",NA
"622",622,"Incongruent","Pig","Elephant","Image-Pig-Word-Elephant.JPG",NA
"623",623,"Incongruent","Pig","Fish","Image-Pig-Word-Fish.JPG",NA
"624",624,"Incongruent","Pig","Frog","Image-Pig-Word-Frog.JPG",NA
"625",625,"Incongruent","Pig","Giraffe","Image-Pig-Word-Giraffe.JPG",NA
"626",626,"Incongruent","Pig","Horse","Image-Pig-Word-Horse.JPG",NA
"627",627,"Incongruent","Pig","Kangaroo","Image-Pig-Word-Kangaroo.JPG",NA
"628",628,"Incongruent","Pig","Monkey","Image-Pig-Word-Monkey.JPG",NA
"629",629,"Incongruent","Pig","Moose","Image-Pig-Word-Moose.JPG",NA
"630",630,"Incongruent","Pig","Mouse","Image-Pig-Word-Mouse.JPG",NA
"631",631,"Congruent","Pig","Pig","Image-Pig-Word-Pig.JPG",NA
"632",632,"Incongruent","Pig","Rabbit","Image-Pig-Word-Rabbit.JPG",NA
"633",633,"Incongruent","Pig","Raccoon","Image-Pig-Word-Raccoon.JPG",NA
"634",634,"Incongruent","Pig","Sheep","Image-Pig-Word-Sheep.JPG",NA
"635",635,"Incongruent","Pig","Snake","Image-Pig-Word-Snake.JPG",NA
"636",636,"Incongruent","Pig","Tiger","Image-Pig-Word-Tiger.JPG",NA
"637",637,"Incongruent","Pig","Whale","Image-Pig-Word-Whale.JPG",NA
"638",638,"Incongruent","Pig","Zebra","Image-Pig-Word-Zebra.JPG",NA
"639",639,"Incongruent","Rabbit","Alligator","Image-Rabbit-Word-Alligator.JPG",NA
"640",640,"Incongruent","Rabbit","Bat","Image-Rabbit-Word-Bat.JPG",NA
"641",641,"Incongruent","Rabbit","Bear","Image-Rabbit-Word-Bear.JPG",NA
"642",642,"Incongruent","Rabbit","Bee","Image-Rabbit-Word-Bee.JPG",NA
"643",643,"Incongruent","Rabbit","Bird","Image-Rabbit-Word-Bird.JPG",NA
"644",644,"Incongruent","Rabbit","Butterfly","Image-Rabbit-Word-Butterfly.JPG",NA
"645",645,"Incongruent","Rabbit","Camel","Image-Rabbit-Word-Camel.JPG",NA
"646",646,"Incongruent","Rabbit","Cat","Image-Rabbit-Word-Cat.JPG",NA
"647",647,"Incongruent","Rabbit","Chicken","Image-Rabbit-Word-Chicken.JPG",NA
"648",648,"Incongruent","Rabbit","Cow","Image-Rabbit-Word-Cow.JPG",NA
"649",649,"Incongruent","Rabbit","Dog","Image-Rabbit-Word-Dog.JPG",NA
"650",650,"Incongruent","Rabbit","Duck","Image-Rabbit-Word-Duck.JPG",NA
"651",651,"Incongruent","Rabbit","Elephant","Image-Rabbit-Word-Elephant.JPG",NA
"652",652,"Incongruent","Rabbit","Fish","Image-Rabbit-Word-Fish.JPG",NA
"653",653,"Incongruent","Rabbit","Frog","Image-Rabbit-Word-Frog.JPG",NA
"654",654,"Incongruent","Rabbit","Giraffe","Image-Rabbit-Word-Giraffe.JPG",NA
"655",655,"Incongruent","Rabbit","Horse","Image-Rabbit-Word-Horse.JPG",NA
"656",656,"Incongruent","Rabbit","Kangaroo","Image-Rabbit-Word-Kangaroo.JPG",NA
"657",657,"Incongruent","Rabbit","Monkey","Image-Rabbit-Word-Monkey.JPG",NA
"658",658,"Incongruent","Rabbit","Moose","Image-Rabbit-Word-Moose.JPG",NA
"659",659,"Incongruent","Rabbit","Mouse","Image-Rabbit-Word-Mouse.JPG",NA
"660",660,"Incongruent","Rabbit","Pig","Image-Rabbit-Word-Pig.JPG",NA
"661",661,"Congruent","Rabbit","Rabbit","Image-Rabbit-Word-Rabbit.JPG",NA
"662",662,"Incongruent","Rabbit","Raccoon","Image-Rabbit-Word-Raccoon.JPG",NA
"663",663,"Incongruent","Rabbit","Sheep","Image-Rabbit-Word-Sheep.JPG",NA
"664",664,"Incongruent","Rabbit","Snake","Image-Rabbit-Word-Snake.JPG",NA
"665",665,"Incongruent","Rabbit","Tiger","Image-Rabbit-Word-Tiger.JPG",NA
"666",666,"Incongruent","Rabbit","Whale","Image-Rabbit-Word-Whale.JPG",NA
"667",667,"Incongruent","Rabbit","Zebra","Image-Rabbit-Word-Zebra.JPG",NA
"668",668,"Incongruent","Raccoon","Alligator","Image-Raccoon-Word-Alligator.JPG",NA
"669",669,"Incongruent","Raccoon","Bat","Image-Raccoon-Word-Bat.JPG",NA
"670",670,"Incongruent","Raccoon","Bear","Image-Raccoon-Word-Bear.JPG",NA
"671",671,"Incongruent","Raccoon","Bee","Image-Raccoon-Word-Bee.JPG",NA
"672",672,"Incongruent","Raccoon","Bird","Image-Raccoon-Word-Bird.JPG",NA
"673",673,"Incongruent","Raccoon","Butterfly","Image-Raccoon-Word-Butterfly.JPG",NA
"674",674,"Incongruent","Raccoon","Camel","Image-Raccoon-Word-Camel.JPG",NA
"675",675,"Incongruent","Raccoon","Cat","Image-Raccoon-Word-Cat.JPG",NA
"676",676,"Incongruent","Raccoon","Chicken","Image-Raccoon-Word-Chicken.JPG",NA
"677",677,"Incongruent","Raccoon","Cow","Image-Raccoon-Word-Cow.JPG",NA
"678",678,"Incongruent","Raccoon","Dog","Image-Raccoon-Word-Dog.JPG",NA
"679",679,"Incongruent","Raccoon","Duck","Image-Raccoon-Word-Duck.JPG",NA
"680",680,"Incongruent","Raccoon","Elephant","Image-Raccoon-Word-Elephant.JPG",NA
"681",681,"Incongruent","Raccoon","Fish","Image-Raccoon-Word-Fish.JPG",NA
"682",682,"Incongruent","Raccoon","Frog","Image-Raccoon-Word-Frog.JPG",NA
"683",683,"Incongruent","Raccoon","Giraffe","Image-Raccoon-Word-Giraffe.JPG",NA
"684",684,"Incongruent","Raccoon","Horse","Image-Raccoon-Word-Horse.JPG",NA
"685",685,"Incongruent","Raccoon","Kangaroo","Image-Raccoon-Word-Kangaroo.JPG",NA
"686",686,"Incongruent","Raccoon","Monkey","Image-Raccoon-Word-Monkey.JPG",NA
"687",687,"Incongruent","Raccoon","Moose","Image-Raccoon-Word-Moose.JPG",NA
"688",688,"Incongruent","Raccoon","Mouse","Image-Raccoon-Word-Mouse.JPG",NA
"689",689,"Incongruent","Raccoon","Pig","Image-Raccoon-Word-Pig.JPG",NA
"690",690,"Incongruent","Raccoon","Rabbit","Image-Raccoon-Word-Rabbit.JPG",NA
"691",691,"Congruent","Raccoon","Raccoon","Image-Raccoon-Word-Raccoon.JPG",NA
"692",692,"Incongruent","Raccoon","Sheep","Image-Raccoon-Word-Sheep.JPG",NA
"693",693,"Incongruent","Raccoon","Snake","Image-Raccoon-Word-Snake.JPG",NA
"694",694,"Incongruent","Raccoon","Tiger","Image-Raccoon-Word-Tiger.JPG",NA
"695",695,"Incongruent","Raccoon","Whale","Image-Raccoon-Word-Whale.JPG",NA
"696",696,"Incongruent","Raccoon","Zebra","Image-Raccoon-Word-Zebra.JPG",NA
"697",697,"Incongruent","Sheep","Alligator","Image-Sheep-Word-Alligator.JPG",NA
"698",698,"Incongruent","Sheep","Bat","Image-Sheep-Word-Bat.JPG",NA
"699",699,"Incongruent","Sheep","Bear","Image-Sheep-Word-Bear.JPG",NA
"700",700,"Incongruent","Sheep","Bee","Image-Sheep-Word-Bee.JPG",NA
"701",701,"Incongruent","Sheep","Bird","Image-Sheep-Word-Bird.JPG",NA
"702",702,"Incongruent","Sheep","Butterfly","Image-Sheep-Word-Butterfly.JPG",NA
"703",703,"Incongruent","Sheep","Camel","Image-Sheep-Word-Camel.JPG",NA
"704",704,"Incongruent","Sheep","Cat","Image-Sheep-Word-Cat.JPG",NA
"705",705,"Incongruent","Sheep","Chicken","Image-Sheep-Word-Chicken.JPG",NA
"706",706,"Incongruent","Sheep","Cow","Image-Sheep-Word-Cow.JPG",NA
"707",707,"Incongruent","Sheep","Dog","Image-Sheep-Word-Dog.JPG",NA
"708",708,"Incongruent","Sheep","Duck","Image-Sheep-Word-Duck.JPG",NA
"709",709,"Incongruent","Sheep","Elephant","Image-Sheep-Word-Elephant.JPG",NA
"710",710,"Incongruent","Sheep","Fish","Image-Sheep-Word-Fish.JPG",NA
"711",711,"Incongruent","Sheep","Frog","Image-Sheep-Word-Frog.JPG",NA
"712",712,"Incongruent","Sheep","Giraffe","Image-Sheep-Word-Giraffe.JPG",NA
"713",713,"Incongruent","Sheep","Horse","Image-Sheep-Word-Horse.JPG",NA
"714",714,"Incongruent","Sheep","Kangaroo","Image-Sheep-Word-Kangaroo.JPG",NA
"715",715,"Incongruent","Sheep","Monkey","Image-Sheep-Word-Monkey.JPG",NA
"716",716,"Incongruent","Sheep","Moose","Image-Sheep-Word-Moose.JPG",NA
"717",717,"Incongruent","Sheep","Mouse","Image-Sheep-Word-Mouse.JPG",NA
"718",718,"Incongruent","Sheep","Pig","Image-Sheep-Word-Pig.JPG",NA
"719",719,"Incongruent","Sheep","Rabbit","Image-Sheep-Word-Rabbit.JPG",NA
"720",720,"Incongruent","Sheep","Raccoon","Image-Sheep-Word-Raccoon.JPG",NA
"721",721,"Congruent","Sheep","Sheep","Image-Sheep-Word-Sheep.JPG",NA
"722",722,"Incongruent","Sheep","Snake","Image-Sheep-Word-Snake.JPG",NA
"723",723,"Incongruent","Sheep","Tiger","Image-Sheep-Word-Tiger.JPG",NA
"724",724,"Incongruent","Sheep","Whale","Image-Sheep-Word-Whale.JPG",NA
"725",725,"Incongruent","Sheep","Zebra","Image-Sheep-Word-Zebra.JPG",NA
"726",726,"Incongruent","Snake","Alligator","Image-Snake-Word-Alligator.JPG",NA
"727",727,"Incongruent","Snake","Bat","Image-Snake-Word-Bat.JPG",NA
"728",728,"Incongruent","Snake","Bear","Image-Snake-Word-Bear.JPG",NA
"729",729,"Incongruent","Snake","Bee","Image-Snake-Word-Bee.JPG",NA
"730",730,"Incongruent","Snake","Bird","Image-Snake-Word-Bird.JPG",NA
"731",731,"Incongruent","Snake","Butterfly","Image-Snake-Word-Butterfly.JPG",NA
"732",732,"Incongruent","Snake","Camel","Image-Snake-Word-Camel.JPG",NA
"733",733,"Incongruent","Snake","Cat","Image-Snake-Word-Cat.JPG",NA
"734",734,"Incongruent","Snake","Chicken","Image-Snake-Word-Chicken.JPG",NA
"735",735,"Incongruent","Snake","Cow","Image-Snake-Word-Cow.JPG",NA
"736",736,"Incongruent","Snake","Dog","Image-Snake-Word-Dog.JPG",NA
"737",737,"Incongruent","Snake","Duck","Image-Snake-Word-Duck.JPG",NA
"738",738,"Incongruent","Snake","Elephant","Image-Snake-Word-Elephant.JPG",NA
"739",739,"Incongruent","Snake","Fish","Image-Snake-Word-Fish.JPG",NA
"740",740,"Incongruent","Snake","Frog","Image-Snake-Word-Frog.JPG",NA
"741",741,"Incongruent","Snake","Giraffe","Image-Snake-Word-Giraffe.JPG",NA
"742",742,"Incongruent","Snake","Horse","Image-Snake-Word-Horse.JPG",NA
"743",743,"Incongruent","Snake","Kangaroo","Image-Snake-Word-Kangaroo.JPG",NA
"744",744,"Incongruent","Snake","Monkey","Image-Snake-Word-Monkey.JPG",NA
"745",745,"Incongruent","Snake","Moose","Image-Snake-Word-Moose.JPG",NA
"746",746,"Incongruent","Snake","Mouse","Image-Snake-Word-Mouse.JPG",NA
"747",747,"Incongruent","Snake","Pig","Image-Snake-Word-Pig.JPG",NA
"748",748,"Incongruent","Snake","Rabbit","Image-Snake-Word-Rabbit.JPG",NA
"749",749,"Incongruent","Snake","Raccoon","Image-Snake-Word-Raccoon.JPG",NA
"750",750,"Incongruent","Snake","Sheep","Image-Snake-Word-Sheep.JPG",NA
"751",751,"Congruent","Snake","Snake","Image-Snake-Word-Snake.JPG",NA
"752",752,"Incongruent","Snake","Tiger","Image-Snake-Word-Tiger.JPG",NA
"753",753,"Incongruent","Snake","Whale","Image-Snake-Word-Whale.JPG",NA
"754",754,"Incongruent","Snake","Zebra","Image-Snake-Word-Zebra.JPG",NA
"755",755,"Incongruent","Tiger","Alligator","Image-Tiger-Word-Alligator.JPG",NA
"756",756,"Incongruent","Tiger","Bat","Image-Tiger-Word-Bat.JPG",NA
"757",757,"Incongruent","Tiger","Bear","Image-Tiger-Word-Bear.JPG",NA
"758",758,"Incongruent","Tiger","Bee","Image-Tiger-Word-Bee.JPG",NA
"759",759,"Incongruent","Tiger","Bird","Image-Tiger-Word-Bird.JPG",NA
"760",760,"Incongruent","Tiger","Butterfly","Image-Tiger-Word-Butterfly.JPG",NA
"761",761,"Incongruent","Tiger","Camel","Image-Tiger-Word-Camel.JPG",NA
"762",762,"Incongruent","Tiger","Cat","Image-Tiger-Word-Cat.JPG",NA
"763",763,"Incongruent","Tiger","Chicken","Image-Tiger-Word-Chicken.JPG",NA
"764",764,"Incongruent","Tiger","Cow","Image-Tiger-Word-Cow.JPG",NA
"765",765,"Incongruent","Tiger","Dog","Image-Tiger-Word-Dog.JPG",NA
"766",766,"Incongruent","Tiger","Duck","Image-Tiger-Word-Duck.JPG",NA
"767",767,"Incongruent","Tiger","Elephant","Image-Tiger-Word-Elephant.JPG",NA
"768",768,"Incongruent","Tiger","Fish","Image-Tiger-Word-Fish.JPG",NA
"769",769,"Incongruent","Tiger","Frog","Image-Tiger-Word-Frog.JPG",NA
"770",770,"Incongruent","Tiger","Giraffe","Image-Tiger-Word-Giraffe.JPG",NA
"771",771,"Incongruent","Tiger","Horse","Image-Tiger-Word-Horse.JPG",NA
"772",772,"Incongruent","Tiger","Kangaroo","Image-Tiger-Word-Kangaroo.JPG",NA
"773",773,"Incongruent","Tiger","Monkey","Image-Tiger-Word-Monkey.JPG",NA
"774",774,"Incongruent","Tiger","Moose","Image-Tiger-Word-Moose.JPG",NA
"775",775,"Incongruent","Tiger","Mouse","Image-Tiger-Word-Mouse.JPG",NA
"776",776,"Incongruent","Tiger","Pig","Image-Tiger-Word-Pig.JPG",NA
"777",777,"Incongruent","Tiger","Rabbit","Image-Tiger-Word-Rabbit.JPG",NA
"778",778,"Incongruent","Tiger","Raccoon","Image-Tiger-Word-Raccoon.JPG",NA
"779",779,"Incongruent","Tiger","Sheep","Image-Tiger-Word-Sheep.JPG",NA
"780",780,"Incongruent","Tiger","Snake","Image-Tiger-Word-Snake.JPG",NA
"781",781,"Congruent","Tiger","Tiger","Image-Tiger-Word-Tiger.JPG",NA
"782",782,"Incongruent","Tiger","Whale","Image-Tiger-Word-Whale.JPG",NA
"783",783,"Incongruent","Tiger","Zebra","Image-Tiger-Word-Zebra.JPG",NA
"784",784,"Incongruent","Whale","Alligator","Image-Whale-Word-Alligator.JPG",NA
"785",785,"Incongruent","Whale","Bat","Image-Whale-Word-Bat.JPG",NA
"786",786,"Incongruent","Whale","Bear","Image-Whale-Word-Bear.JPG",NA
"787",787,"Incongruent","Whale","Bee","Image-Whale-Word-Bee.JPG",NA
"788",788,"Incongruent","Whale","Bird","Image-Whale-Word-Bird.JPG",NA
"789",789,"Incongruent","Whale","Butterfly","Image-Whale-Word-Butterfly.JPG",NA
"790",790,"Incongruent","Whale","Camel","Image-Whale-Word-Camel.JPG",NA
"791",791,"Incongruent","Whale","Cat","Image-Whale-Word-Cat.JPG",NA
"792",792,"Incongruent","Whale","Chicken","Image-Whale-Word-Chicken.JPG",NA
"793",793,"Incongruent","Whale","Cow","Image-Whale-Word-Cow.JPG",NA
"794",794,"Incongruent","Whale","Dog","Image-Whale-Word-Dog.JPG",NA
"795",795,"Incongruent","Whale","Duck","Image-Whale-Word-Duck.JPG",NA
"796",796,"Incongruent","Whale","Elephant","Image-Whale-Word-Elephant.JPG",NA
"797",797,"Incongruent","Whale","Fish","Image-Whale-Word-Fish.JPG",NA
"798",798,"Incongruent","Whale","Frog","Image-Whale-Word-Frog.JPG",NA
"799",799,"Incongruent","Whale","Giraffe","Image-Whale-Word-Giraffe.JPG",NA
"800",800,"Incongruent","Whale","Horse","Image-Whale-Word-Horse.JPG",NA
"801",801,"Incongruent","Whale","Kangaroo","Image-Whale-Word-Kangaroo.JPG",NA
"802",802,"Incongruent","Whale","Monkey","Image-Whale-Word-Monkey.JPG",NA
"803",803,"Incongruent","Whale","Moose","Image-Whale-Word-Moose.JPG",NA
"804",804,"Incongruent","Whale","Mouse","Image-Whale-Word-Mouse.JPG",NA
"805",805,"Incongruent","Whale","Pig","Image-Whale-Word-Pig.JPG",NA
"806",806,"Incongruent","Whale","Rabbit","Image-Whale-Word-Rabbit.JPG",NA
"807",807,"Incongruent","Whale","Raccoon","Image-Whale-Word-Raccoon.JPG",NA
"808",808,"Incongruent","Whale","Sheep","Image-Whale-Word-Sheep.JPG",NA
"809",809,"Incongruent","Whale","Snake","Image-Whale-Word-Snake.JPG",NA
"810",810,"Incongruent","Whale","Tiger","Image-Whale-Word-Tiger.JPG",NA
"811",811,"Congruent","Whale","Whale","Image-Whale-Word-Whale.JPG",NA
"812",812,"Incongruent","Whale","Zebra","Image-Whale-Word-Zebra.JPG",NA
"813",813,"Incongruent","Zebra","Alligator","Image-Zebra-Word-Alligator.JPG",NA
"814",814,"Incongruent","Zebra","Bat","Image-Zebra-Word-Bat.JPG",NA
"815",815,"Incongruent","Zebra","Bear","Image-Zebra-Word-Bear.JPG",NA
"816",816,"Incongruent","Zebra","Bee","Image-Zebra-Word-Bee.JPG",NA
"817",817,"Incongruent","Zebra","Bird","Image-Zebra-Word-Bird.JPG",NA
"818",818,"Incongruent","Zebra","Butterfly","Image-Zebra-Word-Butterfly.JPG",NA
"819",819,"Incongruent","Zebra","Camel","Image-Zebra-Word-Camel.JPG",NA
"820",820,"Incongruent","Zebra","Cat","Image-Zebra-Word-Cat.JPG",NA
"821",821,"Incongruent","Zebra","Chicken","Image-Zebra-Word-Chicken.JPG",NA
"822",822,"Incongruent","Zebra","Cow","Image-Zebra-Word-Cow.JPG",NA
"823",823,"Incongruent","Zebra","Dog","Image-Zebra-Word-Dog.JPG",NA
"824",824,"Incongruent","Zebra","Duck","Image-Zebra-Word-Duck.JPG",NA
"825",825,"Incongruent","Zebra","Elephant","Image-Zebra-Word-Elephant.JPG",NA
"826",826,"Incongruent","Zebra","Fish","Image-Zebra-Word-Fish.JPG",NA
"827",827,"Incongruent","Zebra","Frog","Image-Zebra-Word-Frog.JPG",NA
"828",828,"Incongruent","Zebra","Giraffe","Image-Zebra-Word-Giraffe.JPG",NA
"829",829,"Incongruent","Zebra","Horse","Image-Zebra-Word-Horse.JPG",NA
"830",830,"Incongruent","Zebra","Kangaroo","Image-Zebra-Word-Kangaroo.JPG",NA
"831",831,"Incongruent","Zebra","Monkey","Image-Zebra-Word-Monkey.JPG",NA
"832",832,"Incongruent","Zebra","Moose","Image-Zebra-Word-Moose.JPG",NA
"833",833,"Incongruent","Zebra","Mouse","Image-Zebra-Word-Mouse.JPG",NA
"834",834,"Incongruent","Zebra","Pig","Image-Zebra-Word-Pig.JPG",NA
"835",835,"Incongruent","Zebra","Rabbit","Image-Zebra-Word-Rabbit.JPG",NA
"836",836,"Incongruent","Zebra","Raccoon","Image-Zebra-Word-Raccoon.JPG",NA
"837",837,"Incongruent","Zebra","Sheep","Image-Zebra-Word-Sheep.JPG",NA
"838",838,"Incongruent","Zebra","Snake","Image-Zebra-Word-Snake.JPG",NA
"839",839,"Incongruent","Zebra","Tiger","Image-Zebra-Word-Tiger.JPG",NA
"840",840,"Incongruent","Zebra","Whale","Image-Zebra-Word-Whale.JPG",NA
"841",841,"Congruent","Zebra","Zebra","Image-Zebra-Word-Zebra.JPG",NA
