,Category,Image,Word,Names,Paths
1,Congruent,Alligator,Alligator,Image|Alligator|Word|Alligator.JPG,
2,Incongruent,Alligator,Bat,Image|Alligator|Word|Bat.JPG,
3,Incongruent,Alligator,Bear,Image|Alligator|Word|Bear.JPG,
4,Incongruent,Alligator,Bee,Image|Alligator|Word|Bee.JPG,
5,Incongruent,Alligator,Bird,Image|Alligator|Word|Bird.JPG,
6,Incongruent,Alligator,Butterfly,Image|Alligator|Word|Butterfly.JPG,
7,Incongruent,Alligator,Camel,Image|Alligator|Word|Camel.JPG,
8,Incongruent,Alligator,Cat,Image|Alligator|Word|Cat.JPG,
9,Incongruent,Alligator,Chicken,Image|Alligator|Word|Chicken.JPG,
10,Incongruent,Alligator,Cow,Image|Alligator|Word|Cow.JPG,
11,Incongruent,Alligator,Dog,Image|Alligator|Word|Dog.JPG,
12,Incongruent,Alligator,Duck,Image|Alligator|Word|Duck.JPG,
13,Incongruent,Alligator,Elephant,Image|Alligator|Word|Elephant.JPG,
14,Incongruent,Alligator,Fish,Image|Alligator|Word|Fish.JPG,
15,Incongruent,Alligator,Frog,Image|Alligator|Word|Frog.JPG,
16,Incongruent,Alligator,Giraffe,Image|Alligator|Word|Giraffe.JPG,
17,Incongruent,Alligator,Horse,Image|Alligator|Word|Horse.JPG,
18,Incongruent,Alligator,Kangaroo,Image|Alligator|Word|Kangaroo.JPG,
19,Incongruent,Alligator,Monkey,Image|Alligator|Word|Monkey.JPG,
20,Incongruent,Alligator,Moose,Image|Alligator|Word|Moose.JPG,
21,Incongruent,Alligator,Mouse,Image|Alligator|Word|Mouse.JPG,
22,Incongruent,Alligator,Pig,Image|Alligator|Word|Pig.JPG,
23,Incongruent,Alligator,Rabbit,Image|Alligator|Word|Rabbit.JPG,
24,Incongruent,Alligator,Raccoon,Image|Alligator|Word|Raccoon.JPG,
25,Incongruent,Alligator,Sheep,Image|Alligator|Word|Sheep.JPG,
26,Incongruent,Alligator,Snake,Image|Alligator|Word|Snake.JPG,
27,Incongruent,Alligator,Tiger,Image|Alligator|Word|Tiger.JPG,
28,Incongruent,Alligator,Whale,Image|Alligator|Word|Whale.JPG,
29,Incongruent,Alligator,Zebra,Image|Alligator|Word|Zebra.JPG,
30,Incongruent,Bat,Alligator,Image|Bat|Word|Alligator.JPG,
31,Congruent,Bat,Bat,Image|Bat|Word|Bat.JPG,
32,Incongruent,Bat,Bear,Image|Bat|Word|Bear.JPG,
33,Incongruent,Bat,Bee,Image|Bat|Word|Bee.JPG,
34,Incongruent,Bat,Bird,Image|Bat|Word|Bird.JPG,
35,Incongruent,Bat,Butterfly,Image|Bat|Word|Butterfly.JPG,
36,Incongruent,Bat,Camel,Image|Bat|Word|Camel.JPG,
37,Incongruent,Bat,Cat,Image|Bat|Word|Cat.JPG,
38,Incongruent,Bat,Chicken,Image|Bat|Word|Chicken.JPG,
39,Incongruent,Bat,Cow,Image|Bat|Word|Cow.JPG,
40,Incongruent,Bat,Dog,Image|Bat|Word|Dog.JPG,
41,Incongruent,Bat,Duck,Image|Bat|Word|Duck.JPG,
42,Incongruent,Bat,Elephant,Image|Bat|Word|Elephant.JPG,
43,Incongruent,Bat,Fish,Image|Bat|Word|Fish.JPG,
44,Incongruent,Bat,Frog,Image|Bat|Word|Frog.JPG,
45,Incongruent,Bat,Giraffe,Image|Bat|Word|Giraffe.JPG,
46,Incongruent,Bat,Horse,Image|Bat|Word|Horse.JPG,
47,Incongruent,Bat,Kangaroo,Image|Bat|Word|Kangaroo.JPG,
48,Incongruent,Bat,Monkey,Image|Bat|Word|Monkey.JPG,
49,Incongruent,Bat,Moose,Image|Bat|Word|Moose.JPG,
50,Incongruent,Bat,Mouse,Image|Bat|Word|Mouse.JPG,
51,Incongruent,Bat,Pig,Image|Bat|Word|Pig.JPG,
52,Incongruent,Bat,Rabbit,Image|Bat|Word|Rabbit.JPG,
53,Incongruent,Bat,Raccoon,Image|Bat|Word|Raccoon.JPG,
54,Incongruent,Bat,Sheep,Image|Bat|Word|Sheep.JPG,
55,Incongruent,Bat,Snake,Image|Bat|Word|Snake.JPG,
56,Incongruent,Bat,Tiger,Image|Bat|Word|Tiger.JPG,
57,Incongruent,Bat,Whale,Image|Bat|Word|Whale.JPG,
58,Incongruent,Bat,Zebra,Image|Bat|Word|Zebra.JPG,
59,Incongruent,Bear,Alligator,Image|Bear|Word|Alligator.JPG,
60,Incongruent,Bear,Bat,Image|Bear|Word|Bat.JPG,
61,Congruent,Bear,Bear,Image|Bear|Word|Bear.JPG,
62,Incongruent,Bear,Bee,Image|Bear|Word|Bee.JPG,
63,Incongruent,Bear,Bird,Image|Bear|Word|Bird.JPG,
64,Incongruent,Bear,Butterfly,Image|Bear|Word|Butterfly.JPG,
65,Incongruent,Bear,Camel,Image|Bear|Word|Camel.JPG,
66,Incongruent,Bear,Cat,Image|Bear|Word|Cat.JPG,
67,Incongruent,Bear,Chicken,Image|Bear|Word|Chicken.JPG,
68,Incongruent,Bear,Cow,Image|Bear|Word|Cow.JPG,
69,Incongruent,Bear,Dog,Image|Bear|Word|Dog.JPG,
70,Incongruent,Bear,Duck,Image|Bear|Word|Duck.JPG,
71,Incongruent,Bear,Elephant,Image|Bear|Word|Elephant.JPG,
72,Incongruent,Bear,Fish,Image|Bear|Word|Fish.JPG,
73,Incongruent,Bear,Frog,Image|Bear|Word|Frog.JPG,
74,Incongruent,Bear,Giraffe,Image|Bear|Word|Giraffe.JPG,
75,Incongruent,Bear,Horse,Image|Bear|Word|Horse.JPG,
76,Incongruent,Bear,Kangaroo,Image|Bear|Word|Kangaroo.JPG,
77,Incongruent,Bear,Monkey,Image|Bear|Word|Monkey.JPG,
78,Incongruent,Bear,Moose,Image|Bear|Word|Moose.JPG,
79,Incongruent,Bear,Mouse,Image|Bear|Word|Mouse.JPG,
80,Incongruent,Bear,Pig,Image|Bear|Word|Pig.JPG,
81,Incongruent,Bear,Rabbit,Image|Bear|Word|Rabbit.JPG,
82,Incongruent,Bear,Raccoon,Image|Bear|Word|Raccoon.JPG,
83,Incongruent,Bear,Sheep,Image|Bear|Word|Sheep.JPG,
84,Incongruent,Bear,Snake,Image|Bear|Word|Snake.JPG,
85,Incongruent,Bear,Tiger,Image|Bear|Word|Tiger.JPG,
86,Incongruent,Bear,Whale,Image|Bear|Word|Whale.JPG,
87,Incongruent,Bear,Zebra,Image|Bear|Word|Zebra.JPG,
88,Incongruent,Bee,Alligator,Image|Bee|Word|Alligator.JPG,
89,Incongruent,Bee,Bat,Image|Bee|Word|Bat.JPG,
90,Incongruent,Bee,Bear,Image|Bee|Word|Bear.JPG,
91,Congruent,Bee,Bee,Image|Bee|Word|Bee.JPG,
92,Incongruent,Bee,Bird,Image|Bee|Word|Bird.JPG,
93,Incongruent,Bee,Butterfly,Image|Bee|Word|Butterfly.JPG,
94,Incongruent,Bee,Camel,Image|Bee|Word|Camel.JPG,
95,Incongruent,Bee,Cat,Image|Bee|Word|Cat.JPG,
96,Incongruent,Bee,Chicken,Image|Bee|Word|Chicken.JPG,
97,Incongruent,Bee,Cow,Image|Bee|Word|Cow.JPG,
98,Incongruent,Bee,Dog,Image|Bee|Word|Dog.JPG,
99,Incongruent,Bee,Duck,Image|Bee|Word|Duck.JPG,
100,Incongruent,Bee,Elephant,Image|Bee|Word|Elephant.JPG,
101,Incongruent,Bee,Fish,Image|Bee|Word|Fish.JPG,
102,Incongruent,Bee,Frog,Image|Bee|Word|Frog.JPG,
103,Incongruent,Bee,Giraffe,Image|Bee|Word|Giraffe.JPG,
104,Incongruent,Bee,Horse,Image|Bee|Word|Horse.JPG,
105,Incongruent,Bee,Kangaroo,Image|Bee|Word|Kangaroo.JPG,
106,Incongruent,Bee,Monkey,Image|Bee|Word|Monkey.JPG,
107,Incongruent,Bee,Moose,Image|Bee|Word|Moose.JPG,
108,Incongruent,Bee,Mouse,Image|Bee|Word|Mouse.JPG,
109,Incongruent,Bee,Pig,Image|Bee|Word|Pig.JPG,
110,Incongruent,Bee,Rabbit,Image|Bee|Word|Rabbit.JPG,
111,Incongruent,Bee,Raccoon,Image|Bee|Word|Raccoon.JPG,
112,Incongruent,Bee,Sheep,Image|Bee|Word|Sheep.JPG,
113,Incongruent,Bee,Snake,Image|Bee|Word|Snake.JPG,
114,Incongruent,Bee,Tiger,Image|Bee|Word|Tiger.JPG,
115,Incongruent,Bee,Whale,Image|Bee|Word|Whale.JPG,
116,Incongruent,Bee,Zebra,Image|Bee|Word|Zebra.JPG,
117,Incongruent,Bird,Alligator,Image|Bird|Word|Alligator.JPG,
118,Incongruent,Bird,Bat,Image|Bird|Word|Bat.JPG,
119,Incongruent,Bird,Bear,Image|Bird|Word|Bear.JPG,
120,Incongruent,Bird,Bee,Image|Bird|Word|Bee.JPG,
121,Congruent,Bird,Bird,Image|Bird|Word|Bird.JPG,
122,Incongruent,Bird,Butterfly,Image|Bird|Word|Butterfly.JPG,
123,Incongruent,Bird,Camel,Image|Bird|Word|Camel.JPG,
124,Incongruent,Bird,Cat,Image|Bird|Word|Cat.JPG,
125,Incongruent,Bird,Chicken,Image|Bird|Word|Chicken.JPG,
126,Incongruent,Bird,Cow,Image|Bird|Word|Cow.JPG,
127,Incongruent,Bird,Dog,Image|Bird|Word|Dog.JPG,
128,Incongruent,Bird,Duck,Image|Bird|Word|Duck.JPG,
129,Incongruent,Bird,Elephant,Image|Bird|Word|Elephant.JPG,
130,Incongruent,Bird,Fish,Image|Bird|Word|Fish.JPG,
131,Incongruent,Bird,Frog,Image|Bird|Word|Frog.JPG,
132,Incongruent,Bird,Giraffe,Image|Bird|Word|Giraffe.JPG,
133,Incongruent,Bird,Horse,Image|Bird|Word|Horse.JPG,
134,Incongruent,Bird,Kangaroo,Image|Bird|Word|Kangaroo.JPG,
135,Incongruent,Bird,Monkey,Image|Bird|Word|Monkey.JPG,
136,Incongruent,Bird,Moose,Image|Bird|Word|Moose.JPG,
137,Incongruent,Bird,Mouse,Image|Bird|Word|Mouse.JPG,
138,Incongruent,Bird,Pig,Image|Bird|Word|Pig.JPG,
139,Incongruent,Bird,Rabbit,Image|Bird|Word|Rabbit.JPG,
140,Incongruent,Bird,Raccoon,Image|Bird|Word|Raccoon.JPG,
141,Incongruent,Bird,Sheep,Image|Bird|Word|Sheep.JPG,
142,Incongruent,Bird,Snake,Image|Bird|Word|Snake.JPG,
143,Incongruent,Bird,Tiger,Image|Bird|Word|Tiger.JPG,
144,Incongruent,Bird,Whale,Image|Bird|Word|Whale.JPG,
145,Incongruent,Bird,Zebra,Image|Bird|Word|Zebra.JPG,
146,Incongruent,Butterfly,Alligator,Image|Butterfly|Word|Alligator.JPG,
147,Incongruent,Butterfly,Bat,Image|Butterfly|Word|Bat.JPG,
148,Incongruent,Butterfly,Bear,Image|Butterfly|Word|Bear.JPG,
149,Incongruent,Butterfly,Bee,Image|Butterfly|Word|Bee.JPG,
150,Incongruent,Butterfly,Bird,Image|Butterfly|Word|Bird.JPG,
151,Congruent,Butterfly,Butterfly,Image|Butterfly|Word|Butterfly.JPG,
152,Incongruent,Butterfly,Camel,Image|Butterfly|Word|Camel.JPG,
153,Incongruent,Butterfly,Cat,Image|Butterfly|Word|Cat.JPG,
154,Incongruent,Butterfly,Chicken,Image|Butterfly|Word|Chicken.JPG,
155,Incongruent,Butterfly,Cow,Image|Butterfly|Word|Cow.JPG,
156,Incongruent,Butterfly,Dog,Image|Butterfly|Word|Dog.JPG,
157,Incongruent,Butterfly,Duck,Image|Butterfly|Word|Duck.JPG,
158,Incongruent,Butterfly,Elephant,Image|Butterfly|Word|Elephant.JPG,
159,Incongruent,Butterfly,Fish,Image|Butterfly|Word|Fish.JPG,
160,Incongruent,Butterfly,Frog,Image|Butterfly|Word|Frog.JPG,
161,Incongruent,Butterfly,Giraffe,Image|Butterfly|Word|Giraffe.JPG,
162,Incongruent,Butterfly,Horse,Image|Butterfly|Word|Horse.JPG,
163,Incongruent,Butterfly,Kangaroo,Image|Butterfly|Word|Kangaroo.JPG,
164,Incongruent,Butterfly,Monkey,Image|Butterfly|Word|Monkey.JPG,
165,Incongruent,Butterfly,Moose,Image|Butterfly|Word|Moose.JPG,
166,Incongruent,Butterfly,Mouse,Image|Butterfly|Word|Mouse.JPG,
167,Incongruent,Butterfly,Pig,Image|Butterfly|Word|Pig.JPG,
168,Incongruent,Butterfly,Rabbit,Image|Butterfly|Word|Rabbit.JPG,
169,Incongruent,Butterfly,Raccoon,Image|Butterfly|Word|Raccoon.JPG,
170,Incongruent,Butterfly,Sheep,Image|Butterfly|Word|Sheep.JPG,
171,Incongruent,Butterfly,Snake,Image|Butterfly|Word|Snake.JPG,
172,Incongruent,Butterfly,Tiger,Image|Butterfly|Word|Tiger.JPG,
173,Incongruent,Butterfly,Whale,Image|Butterfly|Word|Whale.JPG,
174,Incongruent,Butterfly,Zebra,Image|Butterfly|Word|Zebra.JPG,
175,Incongruent,Camel,Alligator,Image|Camel|Word|Alligator.JPG,
176,Incongruent,Camel,Bat,Image|Camel|Word|Bat.JPG,
177,Incongruent,Camel,Bear,Image|Camel|Word|Bear.JPG,
178,Incongruent,Camel,Bee,Image|Camel|Word|Bee.JPG,
179,Incongruent,Camel,Bird,Image|Camel|Word|Bird.JPG,
180,Incongruent,Camel,Butterfly,Image|Camel|Word|Butterfly.JPG,
181,Congruent,Camel,Camel,Image|Camel|Word|Camel.JPG,
182,Incongruent,Camel,Cat,Image|Camel|Word|Cat.JPG,
183,Incongruent,Camel,Chicken,Image|Camel|Word|Chicken.JPG,
184,Incongruent,Camel,Cow,Image|Camel|Word|Cow.JPG,
185,Incongruent,Camel,Dog,Image|Camel|Word|Dog.JPG,
186,Incongruent,Camel,Duck,Image|Camel|Word|Duck.JPG,
187,Incongruent,Camel,Elephant,Image|Camel|Word|Elephant.JPG,
188,Incongruent,Camel,Fish,Image|Camel|Word|Fish.JPG,
189,Incongruent,Camel,Frog,Image|Camel|Word|Frog.JPG,
190,Incongruent,Camel,Giraffe,Image|Camel|Word|Giraffe.JPG,
191,Incongruent,Camel,Horse,Image|Camel|Word|Horse.JPG,
192,Incongruent,Camel,Kangaroo,Image|Camel|Word|Kangaroo.JPG,
193,Incongruent,Camel,Monkey,Image|Camel|Word|Monkey.JPG,
194,Incongruent,Camel,Moose,Image|Camel|Word|Moose.JPG,
195,Incongruent,Camel,Mouse,Image|Camel|Word|Mouse.JPG,
196,Incongruent,Camel,Pig,Image|Camel|Word|Pig.JPG,
197,Incongruent,Camel,Rabbit,Image|Camel|Word|Rabbit.JPG,
198,Incongruent,Camel,Raccoon,Image|Camel|Word|Raccoon.JPG,
199,Incongruent,Camel,Sheep,Image|Camel|Word|Sheep.JPG,
200,Incongruent,Camel,Snake,Image|Camel|Word|Snake.JPG,
201,Incongruent,Camel,Tiger,Image|Camel|Word|Tiger.JPG,
202,Incongruent,Camel,Whale,Image|Camel|Word|Whale.JPG,
203,Incongruent,Camel,Zebra,Image|Camel|Word|Zebra.JPG,
204,Incongruent,Cat,Alligator,Image|Cat|Word|Alligator.JPG,
205,Incongruent,Cat,Bat,Image|Cat|Word|Bat.JPG,
206,Incongruent,Cat,Bear,Image|Cat|Word|Bear.JPG,
207,Incongruent,Cat,Bee,Image|Cat|Word|Bee.JPG,
208,Incongruent,Cat,Bird,Image|Cat|Word|Bird.JPG,
209,Incongruent,Cat,Butterfly,Image|Cat|Word|Butterfly.JPG,
210,Incongruent,Cat,Camel,Image|Cat|Word|Camel.JPG,
211,Congruent,Cat,Cat,Image|Cat|Word|Cat.JPG,
212,Incongruent,Cat,Chicken,Image|Cat|Word|Chicken.JPG,
213,Incongruent,Cat,Cow,Image|Cat|Word|Cow.JPG,
214,Incongruent,Cat,Dog,Image|Cat|Word|Dog.JPG,
215,Incongruent,Cat,Duck,Image|Cat|Word|Duck.JPG,
216,Incongruent,Cat,Elephant,Image|Cat|Word|Elephant.JPG,
217,Incongruent,Cat,Fish,Image|Cat|Word|Fish.JPG,
218,Incongruent,Cat,Frog,Image|Cat|Word|Frog.JPG,
219,Incongruent,Cat,Giraffe,Image|Cat|Word|Giraffe.JPG,
220,Incongruent,Cat,Horse,Image|Cat|Word|Horse.JPG,
221,Incongruent,Cat,Kangaroo,Image|Cat|Word|Kangaroo.JPG,
222,Incongruent,Cat,Monkey,Image|Cat|Word|Monkey.JPG,
223,Incongruent,Cat,Moose,Image|Cat|Word|Moose.JPG,
224,Incongruent,Cat,Mouse,Image|Cat|Word|Mouse.JPG,
225,Incongruent,Cat,Pig,Image|Cat|Word|Pig.JPG,
226,Incongruent,Cat,Rabbit,Image|Cat|Word|Rabbit.JPG,
227,Incongruent,Cat,Raccoon,Image|Cat|Word|Raccoon.JPG,
228,Incongruent,Cat,Sheep,Image|Cat|Word|Sheep.JPG,
229,Incongruent,Cat,Snake,Image|Cat|Word|Snake.JPG,
230,Incongruent,Cat,Tiger,Image|Cat|Word|Tiger.JPG,
231,Incongruent,Cat,Whale,Image|Cat|Word|Whale.JPG,
232,Incongruent,Cat,Zebra,Image|Cat|Word|Zebra.JPG,
233,Incongruent,Chicken,Alligator,Image|Chicken|Word|Alligator.JPG,
234,Incongruent,Chicken,Bat,Image|Chicken|Word|Bat.JPG,
235,Incongruent,Chicken,Bear,Image|Chicken|Word|Bear.JPG,
236,Incongruent,Chicken,Bee,Image|Chicken|Word|Bee.JPG,
237,Incongruent,Chicken,Bird,Image|Chicken|Word|Bird.JPG,
238,Incongruent,Chicken,Butterfly,Image|Chicken|Word|Butterfly.JPG,
239,Incongruent,Chicken,Camel,Image|Chicken|Word|Camel.JPG,
240,Incongruent,Chicken,Cat,Image|Chicken|Word|Cat.JPG,
241,Congruent,Chicken,Chicken,Image|Chicken|Word|Chicken.JPG,
242,Incongruent,Chicken,Cow,Image|Chicken|Word|Cow.JPG,
243,Incongruent,Chicken,Dog,Image|Chicken|Word|Dog.JPG,
244,Incongruent,Chicken,Duck,Image|Chicken|Word|Duck.JPG,
245,Incongruent,Chicken,Elephant,Image|Chicken|Word|Elephant.JPG,
246,Incongruent,Chicken,Fish,Image|Chicken|Word|Fish.JPG,
247,Incongruent,Chicken,Frog,Image|Chicken|Word|Frog.JPG,
248,Incongruent,Chicken,Giraffe,Image|Chicken|Word|Giraffe.JPG,
249,Incongruent,Chicken,Horse,Image|Chicken|Word|Horse.JPG,
250,Incongruent,Chicken,Kangaroo,Image|Chicken|Word|Kangaroo.JPG,
251,Incongruent,Chicken,Monkey,Image|Chicken|Word|Monkey.JPG,
252,Incongruent,Chicken,Moose,Image|Chicken|Word|Moose.JPG,
253,Incongruent,Chicken,Mouse,Image|Chicken|Word|Mouse.JPG,
254,Incongruent,Chicken,Pig,Image|Chicken|Word|Pig.JPG,
255,Incongruent,Chicken,Rabbit,Image|Chicken|Word|Rabbit.JPG,
256,Incongruent,Chicken,Raccoon,Image|Chicken|Word|Raccoon.JPG,
257,Incongruent,Chicken,Sheep,Image|Chicken|Word|Sheep.JPG,
258,Incongruent,Chicken,Snake,Image|Chicken|Word|Snake.JPG,
259,Incongruent,Chicken,Tiger,Image|Chicken|Word|Tiger.JPG,
260,Incongruent,Chicken,Whale,Image|Chicken|Word|Whale.JPG,
261,Incongruent,Chicken,Zebra,Image|Chicken|Word|Zebra.JPG,
262,Incongruent,Cow,Alligator,Image|Cow|Word|Alligator.JPG,
263,Incongruent,Cow,Bat,Image|Cow|Word|Bat.JPG,
264,Incongruent,Cow,Bear,Image|Cow|Word|Bear.JPG,
265,Incongruent,Cow,Bee,Image|Cow|Word|Bee.JPG,
266,Incongruent,Cow,Bird,Image|Cow|Word|Bird.JPG,
267,Incongruent,Cow,Butterfly,Image|Cow|Word|Butterfly.JPG,
268,Incongruent,Cow,Camel,Image|Cow|Word|Camel.JPG,
269,Incongruent,Cow,Cat,Image|Cow|Word|Cat.JPG,
270,Incongruent,Cow,Chicken,Image|Cow|Word|Chicken.JPG,
271,Congruent,Cow,Cow,Image|Cow|Word|Cow.JPG,
272,Incongruent,Cow,Dog,Image|Cow|Word|Dog.JPG,
273,Incongruent,Cow,Duck,Image|Cow|Word|Duck.JPG,
274,Incongruent,Cow,Elephant,Image|Cow|Word|Elephant.JPG,
275,Incongruent,Cow,Fish,Image|Cow|Word|Fish.JPG,
276,Incongruent,Cow,Frog,Image|Cow|Word|Frog.JPG,
277,Incongruent,Cow,Giraffe,Image|Cow|Word|Giraffe.JPG,
278,Incongruent,Cow,Horse,Image|Cow|Word|Horse.JPG,
279,Incongruent,Cow,Kangaroo,Image|Cow|Word|Kangaroo.JPG,
280,Incongruent,Cow,Monkey,Image|Cow|Word|Monkey.JPG,
281,Incongruent,Cow,Moose,Image|Cow|Word|Moose.JPG,
282,Incongruent,Cow,Mouse,Image|Cow|Word|Mouse.JPG,
283,Incongruent,Cow,Pig,Image|Cow|Word|Pig.JPG,
284,Incongruent,Cow,Rabbit,Image|Cow|Word|Rabbit.JPG,
285,Incongruent,Cow,Raccoon,Image|Cow|Word|Raccoon.JPG,
286,Incongruent,Cow,Sheep,Image|Cow|Word|Sheep.JPG,
287,Incongruent,Cow,Snake,Image|Cow|Word|Snake.JPG,
288,Incongruent,Cow,Tiger,Image|Cow|Word|Tiger.JPG,
289,Incongruent,Cow,Whale,Image|Cow|Word|Whale.JPG,
290,Incongruent,Cow,Zebra,Image|Cow|Word|Zebra.JPG,
291,Incongruent,Dog,Alligator,Image|Dog|Word|Alligator.JPG,
292,Incongruent,Dog,Bat,Image|Dog|Word|Bat.JPG,
293,Incongruent,Dog,Bear,Image|Dog|Word|Bear.JPG,
294,Incongruent,Dog,Bee,Image|Dog|Word|Bee.JPG,
295,Incongruent,Dog,Bird,Image|Dog|Word|Bird.JPG,
296,Incongruent,Dog,Butterfly,Image|Dog|Word|Butterfly.JPG,
297,Incongruent,Dog,Camel,Image|Dog|Word|Camel.JPG,
298,Incongruent,Dog,Cat,Image|Dog|Word|Cat.JPG,
299,Incongruent,Dog,Chicken,Image|Dog|Word|Chicken.JPG,
300,Incongruent,Dog,Cow,Image|Dog|Word|Cow.JPG,
301,Congruent,Dog,Dog,Image|Dog|Word|Dog.JPG,
302,Incongruent,Dog,Duck,Image|Dog|Word|Duck.JPG,
303,Incongruent,Dog,Elephant,Image|Dog|Word|Elephant.JPG,
304,Incongruent,Dog,Fish,Image|Dog|Word|Fish.JPG,
305,Incongruent,Dog,Frog,Image|Dog|Word|Frog.JPG,
306,Incongruent,Dog,Giraffe,Image|Dog|Word|Giraffe.JPG,
307,Incongruent,Dog,Horse,Image|Dog|Word|Horse.JPG,
308,Incongruent,Dog,Kangaroo,Image|Dog|Word|Kangaroo.JPG,
309,Incongruent,Dog,Monkey,Image|Dog|Word|Monkey.JPG,
310,Incongruent,Dog,Moose,Image|Dog|Word|Moose.JPG,
311,Incongruent,Dog,Mouse,Image|Dog|Word|Mouse.JPG,
312,Incongruent,Dog,Pig,Image|Dog|Word|Pig.JPG,
313,Incongruent,Dog,Rabbit,Image|Dog|Word|Rabbit.JPG,
314,Incongruent,Dog,Raccoon,Image|Dog|Word|Raccoon.JPG,
315,Incongruent,Dog,Sheep,Image|Dog|Word|Sheep.JPG,
316,Incongruent,Dog,Snake,Image|Dog|Word|Snake.JPG,
317,Incongruent,Dog,Tiger,Image|Dog|Word|Tiger.JPG,
318,Incongruent,Dog,Whale,Image|Dog|Word|Whale.JPG,
319,Incongruent,Dog,Zebra,Image|Dog|Word|Zebra.JPG,
320,Incongruent,Duck,Alligator,Image|Duck|Word|Alligator.JPG,
321,Incongruent,Duck,Bat,Image|Duck|Word|Bat.JPG,
322,Incongruent,Duck,Bear,Image|Duck|Word|Bear.JPG,
323,Incongruent,Duck,Bee,Image|Duck|Word|Bee.JPG,
324,Incongruent,Duck,Bird,Image|Duck|Word|Bird.JPG,
325,Incongruent,Duck,Butterfly,Image|Duck|Word|Butterfly.JPG,
326,Incongruent,Duck,Camel,Image|Duck|Word|Camel.JPG,
327,Incongruent,Duck,Cat,Image|Duck|Word|Cat.JPG,
328,Incongruent,Duck,Chicken,Image|Duck|Word|Chicken.JPG,
329,Incongruent,Duck,Cow,Image|Duck|Word|Cow.JPG,
330,Incongruent,Duck,Dog,Image|Duck|Word|Dog.JPG,
331,Congruent,Duck,Duck,Image|Duck|Word|Duck.JPG,
332,Incongruent,Duck,Elephant,Image|Duck|Word|Elephant.JPG,
333,Incongruent,Duck,Fish,Image|Duck|Word|Fish.JPG,
334,Incongruent,Duck,Frog,Image|Duck|Word|Frog.JPG,
335,Incongruent,Duck,Giraffe,Image|Duck|Word|Giraffe.JPG,
336,Incongruent,Duck,Horse,Image|Duck|Word|Horse.JPG,
337,Incongruent,Duck,Kangaroo,Image|Duck|Word|Kangaroo.JPG,
338,Incongruent,Duck,Monkey,Image|Duck|Word|Monkey.JPG,
339,Incongruent,Duck,Moose,Image|Duck|Word|Moose.JPG,
340,Incongruent,Duck,Mouse,Image|Duck|Word|Mouse.JPG,
341,Incongruent,Duck,Pig,Image|Duck|Word|Pig.JPG,
342,Incongruent,Duck,Rabbit,Image|Duck|Word|Rabbit.JPG,
343,Incongruent,Duck,Raccoon,Image|Duck|Word|Raccoon.JPG,
344,Incongruent,Duck,Sheep,Image|Duck|Word|Sheep.JPG,
345,Incongruent,Duck,Snake,Image|Duck|Word|Snake.JPG,
346,Incongruent,Duck,Tiger,Image|Duck|Word|Tiger.JPG,
347,Incongruent,Duck,Whale,Image|Duck|Word|Whale.JPG,
348,Incongruent,Duck,Zebra,Image|Duck|Word|Zebra.JPG,
349,Incongruent,Elephant,Alligator,Image|Elephant|Word|Alligator.JPG,
350,Incongruent,Elephant,Bat,Image|Elephant|Word|Bat.JPG,
351,Incongruent,Elephant,Bear,Image|Elephant|Word|Bear.JPG,
352,Incongruent,Elephant,Bee,Image|Elephant|Word|Bee.JPG,
353,Incongruent,Elephant,Bird,Image|Elephant|Word|Bird.JPG,
354,Incongruent,Elephant,Butterfly,Image|Elephant|Word|Butterfly.JPG,
355,Incongruent,Elephant,Camel,Image|Elephant|Word|Camel.JPG,
356,Incongruent,Elephant,Cat,Image|Elephant|Word|Cat.JPG,
357,Incongruent,Elephant,Chicken,Image|Elephant|Word|Chicken.JPG,
358,Incongruent,Elephant,Cow,Image|Elephant|Word|Cow.JPG,
359,Incongruent,Elephant,Dog,Image|Elephant|Word|Dog.JPG,
360,Incongruent,Elephant,Duck,Image|Elephant|Word|Duck.JPG,
361,Congruent,Elephant,Elephant,Image|Elephant|Word|Elephant.JPG,
362,Incongruent,Elephant,Fish,Image|Elephant|Word|Fish.JPG,
363,Incongruent,Elephant,Frog,Image|Elephant|Word|Frog.JPG,
364,Incongruent,Elephant,Giraffe,Image|Elephant|Word|Giraffe.JPG,
365,Incongruent,Elephant,Horse,Image|Elephant|Word|Horse.JPG,
366,Incongruent,Elephant,Kangaroo,Image|Elephant|Word|Kangaroo.JPG,
367,Incongruent,Elephant,Monkey,Image|Elephant|Word|Monkey.JPG,
368,Incongruent,Elephant,Moose,Image|Elephant|Word|Moose.JPG,
369,Incongruent,Elephant,Mouse,Image|Elephant|Word|Mouse.JPG,
370,Incongruent,Elephant,Pig,Image|Elephant|Word|Pig.JPG,
371,Incongruent,Elephant,Rabbit,Image|Elephant|Word|Rabbit.JPG,
372,Incongruent,Elephant,Raccoon,Image|Elephant|Word|Raccoon.JPG,
373,Incongruent,Elephant,Sheep,Image|Elephant|Word|Sheep.JPG,
374,Incongruent,Elephant,Snake,Image|Elephant|Word|Snake.JPG,
375,Incongruent,Elephant,Tiger,Image|Elephant|Word|Tiger.JPG,
376,Incongruent,Elephant,Whale,Image|Elephant|Word|Whale.JPG,
377,Incongruent,Elephant,Zebra,Image|Elephant|Word|Zebra.JPG,
378,Incongruent,Fish,Alligator,Image|Fish|Word|Alligator.JPG,
379,Incongruent,Fish,Bat,Image|Fish|Word|Bat.JPG,
380,Incongruent,Fish,Bear,Image|Fish|Word|Bear.JPG,
381,Incongruent,Fish,Bee,Image|Fish|Word|Bee.JPG,
382,Incongruent,Fish,Bird,Image|Fish|Word|Bird.JPG,
383,Incongruent,Fish,Butterfly,Image|Fish|Word|Butterfly.JPG,
384,Incongruent,Fish,Camel,Image|Fish|Word|Camel.JPG,
385,Incongruent,Fish,Cat,Image|Fish|Word|Cat.JPG,
386,Incongruent,Fish,Chicken,Image|Fish|Word|Chicken.JPG,
387,Incongruent,Fish,Cow,Image|Fish|Word|Cow.JPG,
388,Incongruent,Fish,Dog,Image|Fish|Word|Dog.JPG,
389,Incongruent,Fish,Duck,Image|Fish|Word|Duck.JPG,
390,Incongruent,Fish,Elephant,Image|Fish|Word|Elephant.JPG,
391,Congruent,Fish,Fish,Image|Fish|Word|Fish.JPG,
392,Incongruent,Fish,Frog,Image|Fish|Word|Frog.JPG,
393,Incongruent,Fish,Giraffe,Image|Fish|Word|Giraffe.JPG,
394,Incongruent,Fish,Horse,Image|Fish|Word|Horse.JPG,
395,Incongruent,Fish,Kangaroo,Image|Fish|Word|Kangaroo.JPG,
396,Incongruent,Fish,Monkey,Image|Fish|Word|Monkey.JPG,
397,Incongruent,Fish,Moose,Image|Fish|Word|Moose.JPG,
398,Incongruent,Fish,Mouse,Image|Fish|Word|Mouse.JPG,
399,Incongruent,Fish,Pig,Image|Fish|Word|Pig.JPG,
400,Incongruent,Fish,Rabbit,Image|Fish|Word|Rabbit.JPG,
401,Incongruent,Fish,Raccoon,Image|Fish|Word|Raccoon.JPG,
402,Incongruent,Fish,Sheep,Image|Fish|Word|Sheep.JPG,
403,Incongruent,Fish,Snake,Image|Fish|Word|Snake.JPG,
404,Incongruent,Fish,Tiger,Image|Fish|Word|Tiger.JPG,
405,Incongruent,Fish,Whale,Image|Fish|Word|Whale.JPG,
406,Incongruent,Fish,Zebra,Image|Fish|Word|Zebra.JPG,
407,Incongruent,Frog,Alligator,Image|Frog|Word|Alligator.JPG,
408,Incongruent,Frog,Bat,Image|Frog|Word|Bat.JPG,
409,Incongruent,Frog,Bear,Image|Frog|Word|Bear.JPG,
410,Incongruent,Frog,Bee,Image|Frog|Word|Bee.JPG,
411,Incongruent,Frog,Bird,Image|Frog|Word|Bird.JPG,
412,Incongruent,Frog,Butterfly,Image|Frog|Word|Butterfly.JPG,
413,Incongruent,Frog,Camel,Image|Frog|Word|Camel.JPG,
414,Incongruent,Frog,Cat,Image|Frog|Word|Cat.JPG,
415,Incongruent,Frog,Chicken,Image|Frog|Word|Chicken.JPG,
416,Incongruent,Frog,Cow,Image|Frog|Word|Cow.JPG,
417,Incongruent,Frog,Dog,Image|Frog|Word|Dog.JPG,
418,Incongruent,Frog,Duck,Image|Frog|Word|Duck.JPG,
419,Incongruent,Frog,Elephant,Image|Frog|Word|Elephant.JPG,
420,Incongruent,Frog,Fish,Image|Frog|Word|Fish.JPG,
421,Congruent,Frog,Frog,Image|Frog|Word|Frog.JPG,
422,Incongruent,Frog,Giraffe,Image|Frog|Word|Giraffe.JPG,
423,Incongruent,Frog,Horse,Image|Frog|Word|Horse.JPG,
424,Incongruent,Frog,Kangaroo,Image|Frog|Word|Kangaroo.JPG,
425,Incongruent,Frog,Monkey,Image|Frog|Word|Monkey.JPG,
426,Incongruent,Frog,Moose,Image|Frog|Word|Moose.JPG,
427,Incongruent,Frog,Mouse,Image|Frog|Word|Mouse.JPG,
428,Incongruent,Frog,Pig,Image|Frog|Word|Pig.JPG,
429,Incongruent,Frog,Rabbit,Image|Frog|Word|Rabbit.JPG,
430,Incongruent,Frog,Raccoon,Image|Frog|Word|Raccoon.JPG,
431,Incongruent,Frog,Sheep,Image|Frog|Word|Sheep.JPG,
432,Incongruent,Frog,Snake,Image|Frog|Word|Snake.JPG,
433,Incongruent,Frog,Tiger,Image|Frog|Word|Tiger.JPG,
434,Incongruent,Frog,Whale,Image|Frog|Word|Whale.JPG,
435,Incongruent,Frog,Zebra,Image|Frog|Word|Zebra.JPG,
436,Incongruent,Giraffe,Alligator,Image|Giraffe|Word|Alligator.JPG,
437,Incongruent,Giraffe,Bat,Image|Giraffe|Word|Bat.JPG,
438,Incongruent,Giraffe,Bear,Image|Giraffe|Word|Bear.JPG,
439,Incongruent,Giraffe,Bee,Image|Giraffe|Word|Bee.JPG,
440,Incongruent,Giraffe,Bird,Image|Giraffe|Word|Bird.JPG,
441,Incongruent,Giraffe,Butterfly,Image|Giraffe|Word|Butterfly.JPG,
442,Incongruent,Giraffe,Camel,Image|Giraffe|Word|Camel.JPG,
443,Incongruent,Giraffe,Cat,Image|Giraffe|Word|Cat.JPG,
444,Incongruent,Giraffe,Chicken,Image|Giraffe|Word|Chicken.JPG,
445,Incongruent,Giraffe,Cow,Image|Giraffe|Word|Cow.JPG,
446,Incongruent,Giraffe,Dog,Image|Giraffe|Word|Dog.JPG,
447,Incongruent,Giraffe,Duck,Image|Giraffe|Word|Duck.JPG,
448,Incongruent,Giraffe,Elephant,Image|Giraffe|Word|Elephant.JPG,
449,Incongruent,Giraffe,Fish,Image|Giraffe|Word|Fish.JPG,
450,Incongruent,Giraffe,Frog,Image|Giraffe|Word|Frog.JPG,
451,Congruent,Giraffe,Giraffe,Image|Giraffe|Word|Giraffe.JPG,
452,Incongruent,Giraffe,Horse,Image|Giraffe|Word|Horse.JPG,
453,Incongruent,Giraffe,Kangaroo,Image|Giraffe|Word|Kangaroo.JPG,
454,Incongruent,Giraffe,Monkey,Image|Giraffe|Word|Monkey.JPG,
455,Incongruent,Giraffe,Moose,Image|Giraffe|Word|Moose.JPG,
456,Incongruent,Giraffe,Mouse,Image|Giraffe|Word|Mouse.JPG,
457,Incongruent,Giraffe,Pig,Image|Giraffe|Word|Pig.JPG,
458,Incongruent,Giraffe,Rabbit,Image|Giraffe|Word|Rabbit.JPG,
459,Incongruent,Giraffe,Raccoon,Image|Giraffe|Word|Raccoon.JPG,
460,Incongruent,Giraffe,Sheep,Image|Giraffe|Word|Sheep.JPG,
461,Incongruent,Giraffe,Snake,Image|Giraffe|Word|Snake.JPG,
462,Incongruent,Giraffe,Tiger,Image|Giraffe|Word|Tiger.JPG,
463,Incongruent,Giraffe,Whale,Image|Giraffe|Word|Whale.JPG,
464,Incongruent,Giraffe,Zebra,Image|Giraffe|Word|Zebra.JPG,
465,Incongruent,Horse,Alligator,Image|Horse|Word|Alligator.JPG,
466,Incongruent,Horse,Bat,Image|Horse|Word|Bat.JPG,
467,Incongruent,Horse,Bear,Image|Horse|Word|Bear.JPG,
468,Incongruent,Horse,Bee,Image|Horse|Word|Bee.JPG,
469,Incongruent,Horse,Bird,Image|Horse|Word|Bird.JPG,
470,Incongruent,Horse,Butterfly,Image|Horse|Word|Butterfly.JPG,
471,Incongruent,Horse,Camel,Image|Horse|Word|Camel.JPG,
472,Incongruent,Horse,Cat,Image|Horse|Word|Cat.JPG,
473,Incongruent,Horse,Chicken,Image|Horse|Word|Chicken.JPG,
474,Incongruent,Horse,Cow,Image|Horse|Word|Cow.JPG,
475,Incongruent,Horse,Dog,Image|Horse|Word|Dog.JPG,
476,Incongruent,Horse,Duck,Image|Horse|Word|Duck.JPG,
477,Incongruent,Horse,Elephant,Image|Horse|Word|Elephant.JPG,
478,Incongruent,Horse,Fish,Image|Horse|Word|Fish.JPG,
479,Incongruent,Horse,Frog,Image|Horse|Word|Frog.JPG,
480,Incongruent,Horse,Giraffe,Image|Horse|Word|Giraffe.JPG,
481,Congruent,Horse,Horse,Image|Horse|Word|Horse.JPG,
482,Incongruent,Horse,Kangaroo,Image|Horse|Word|Kangaroo.JPG,
483,Incongruent,Horse,Monkey,Image|Horse|Word|Monkey.JPG,
484,Incongruent,Horse,Moose,Image|Horse|Word|Moose.JPG,
485,Incongruent,Horse,Mouse,Image|Horse|Word|Mouse.JPG,
486,Incongruent,Horse,Pig,Image|Horse|Word|Pig.JPG,
487,Incongruent,Horse,Rabbit,Image|Horse|Word|Rabbit.JPG,
488,Incongruent,Horse,Raccoon,Image|Horse|Word|Raccoon.JPG,
489,Incongruent,Horse,Sheep,Image|Horse|Word|Sheep.JPG,
490,Incongruent,Horse,Snake,Image|Horse|Word|Snake.JPG,
491,Incongruent,Horse,Tiger,Image|Horse|Word|Tiger.JPG,
492,Incongruent,Horse,Whale,Image|Horse|Word|Whale.JPG,
493,Incongruent,Horse,Zebra,Image|Horse|Word|Zebra.JPG,
494,Incongruent,Kangaroo,Alligator,Image|Kangaroo|Word|Alligator.JPG,
495,Incongruent,Kangaroo,Bat,Image|Kangaroo|Word|Bat.JPG,
496,Incongruent,Kangaroo,Bear,Image|Kangaroo|Word|Bear.JPG,
497,Incongruent,Kangaroo,Bee,Image|Kangaroo|Word|Bee.JPG,
498,Incongruent,Kangaroo,Bird,Image|Kangaroo|Word|Bird.JPG,
499,Incongruent,Kangaroo,Butterfly,Image|Kangaroo|Word|Butterfly.JPG,
500,Incongruent,Kangaroo,Camel,Image|Kangaroo|Word|Camel.JPG,
501,Incongruent,Kangaroo,Cat,Image|Kangaroo|Word|Cat.JPG,
502,Incongruent,Kangaroo,Chicken,Image|Kangaroo|Word|Chicken.JPG,
503,Incongruent,Kangaroo,Cow,Image|Kangaroo|Word|Cow.JPG,
504,Incongruent,Kangaroo,Dog,Image|Kangaroo|Word|Dog.JPG,
505,Incongruent,Kangaroo,Duck,Image|Kangaroo|Word|Duck.JPG,
506,Incongruent,Kangaroo,Elephant,Image|Kangaroo|Word|Elephant.JPG,
507,Incongruent,Kangaroo,Fish,Image|Kangaroo|Word|Fish.JPG,
508,Incongruent,Kangaroo,Frog,Image|Kangaroo|Word|Frog.JPG,
509,Incongruent,Kangaroo,Giraffe,Image|Kangaroo|Word|Giraffe.JPG,
510,Incongruent,Kangaroo,Horse,Image|Kangaroo|Word|Horse.JPG,
511,Congruent,Kangaroo,Kangaroo,Image|Kangaroo|Word|Kangaroo.JPG,
512,Incongruent,Kangaroo,Monkey,Image|Kangaroo|Word|Monkey.JPG,
513,Incongruent,Kangaroo,Moose,Image|Kangaroo|Word|Moose.JPG,
514,Incongruent,Kangaroo,Mouse,Image|Kangaroo|Word|Mouse.JPG,
515,Incongruent,Kangaroo,Pig,Image|Kangaroo|Word|Pig.JPG,
516,Incongruent,Kangaroo,Rabbit,Image|Kangaroo|Word|Rabbit.JPG,
517,Incongruent,Kangaroo,Raccoon,Image|Kangaroo|Word|Raccoon.JPG,
518,Incongruent,Kangaroo,Sheep,Image|Kangaroo|Word|Sheep.JPG,
519,Incongruent,Kangaroo,Snake,Image|Kangaroo|Word|Snake.JPG,
520,Incongruent,Kangaroo,Tiger,Image|Kangaroo|Word|Tiger.JPG,
521,Incongruent,Kangaroo,Whale,Image|Kangaroo|Word|Whale.JPG,
522,Incongruent,Kangaroo,Zebra,Image|Kangaroo|Word|Zebra.JPG,
523,Incongruent,Monkey,Alligator,Image|Monkey|Word|Alligator.JPG,
524,Incongruent,Monkey,Bat,Image|Monkey|Word|Bat.JPG,
525,Incongruent,Monkey,Bear,Image|Monkey|Word|Bear.JPG,
526,Incongruent,Monkey,Bee,Image|Monkey|Word|Bee.JPG,
527,Incongruent,Monkey,Bird,Image|Monkey|Word|Bird.JPG,
528,Incongruent,Monkey,Butterfly,Image|Monkey|Word|Butterfly.JPG,
529,Incongruent,Monkey,Camel,Image|Monkey|Word|Camel.JPG,
530,Incongruent,Monkey,Cat,Image|Monkey|Word|Cat.JPG,
531,Incongruent,Monkey,Chicken,Image|Monkey|Word|Chicken.JPG,
532,Incongruent,Monkey,Cow,Image|Monkey|Word|Cow.JPG,
533,Incongruent,Monkey,Dog,Image|Monkey|Word|Dog.JPG,
534,Incongruent,Monkey,Duck,Image|Monkey|Word|Duck.JPG,
535,Incongruent,Monkey,Elephant,Image|Monkey|Word|Elephant.JPG,
536,Incongruent,Monkey,Fish,Image|Monkey|Word|Fish.JPG,
537,Incongruent,Monkey,Frog,Image|Monkey|Word|Frog.JPG,
538,Incongruent,Monkey,Giraffe,Image|Monkey|Word|Giraffe.JPG,
539,Incongruent,Monkey,Horse,Image|Monkey|Word|Horse.JPG,
540,Incongruent,Monkey,Kangaroo,Image|Monkey|Word|Kangaroo.JPG,
541,Congruent,Monkey,Monkey,Image|Monkey|Word|Monkey.JPG,
542,Incongruent,Monkey,Moose,Image|Monkey|Word|Moose.JPG,
543,Incongruent,Monkey,Mouse,Image|Monkey|Word|Mouse.JPG,
544,Incongruent,Monkey,Pig,Image|Monkey|Word|Pig.JPG,
545,Incongruent,Monkey,Rabbit,Image|Monkey|Word|Rabbit.JPG,
546,Incongruent,Monkey,Raccoon,Image|Monkey|Word|Raccoon.JPG,
547,Incongruent,Monkey,Sheep,Image|Monkey|Word|Sheep.JPG,
548,Incongruent,Monkey,Snake,Image|Monkey|Word|Snake.JPG,
549,Incongruent,Monkey,Tiger,Image|Monkey|Word|Tiger.JPG,
550,Incongruent,Monkey,Whale,Image|Monkey|Word|Whale.JPG,
551,Incongruent,Monkey,Zebra,Image|Monkey|Word|Zebra.JPG,
552,Incongruent,Moose,Alligator,Image|Moose|Word|Alligator.JPG,
553,Incongruent,Moose,Bat,Image|Moose|Word|Bat.JPG,
554,Incongruent,Moose,Bear,Image|Moose|Word|Bear.JPG,
555,Incongruent,Moose,Bee,Image|Moose|Word|Bee.JPG,
556,Incongruent,Moose,Bird,Image|Moose|Word|Bird.JPG,
557,Incongruent,Moose,Butterfly,Image|Moose|Word|Butterfly.JPG,
558,Incongruent,Moose,Camel,Image|Moose|Word|Camel.JPG,
559,Incongruent,Moose,Cat,Image|Moose|Word|Cat.JPG,
560,Incongruent,Moose,Chicken,Image|Moose|Word|Chicken.JPG,
561,Incongruent,Moose,Cow,Image|Moose|Word|Cow.JPG,
562,Incongruent,Moose,Dog,Image|Moose|Word|Dog.JPG,
563,Incongruent,Moose,Duck,Image|Moose|Word|Duck.JPG,
564,Incongruent,Moose,Elephant,Image|Moose|Word|Elephant.JPG,
565,Incongruent,Moose,Fish,Image|Moose|Word|Fish.JPG,
566,Incongruent,Moose,Frog,Image|Moose|Word|Frog.JPG,
567,Incongruent,Moose,Giraffe,Image|Moose|Word|Giraffe.JPG,
568,Incongruent,Moose,Horse,Image|Moose|Word|Horse.JPG,
569,Incongruent,Moose,Kangaroo,Image|Moose|Word|Kangaroo.JPG,
570,Incongruent,Moose,Monkey,Image|Moose|Word|Monkey.JPG,
571,Congruent,Moose,Moose,Image|Moose|Word|Moose.JPG,
572,Incongruent,Moose,Mouse,Image|Moose|Word|Mouse.JPG,
573,Incongruent,Moose,Pig,Image|Moose|Word|Pig.JPG,
574,Incongruent,Moose,Rabbit,Image|Moose|Word|Rabbit.JPG,
575,Incongruent,Moose,Raccoon,Image|Moose|Word|Raccoon.JPG,
576,Incongruent,Moose,Sheep,Image|Moose|Word|Sheep.JPG,
577,Incongruent,Moose,Snake,Image|Moose|Word|Snake.JPG,
578,Incongruent,Moose,Tiger,Image|Moose|Word|Tiger.JPG,
579,Incongruent,Moose,Whale,Image|Moose|Word|Whale.JPG,
580,Incongruent,Moose,Zebra,Image|Moose|Word|Zebra.JPG,
581,Incongruent,Mouse,Alligator,Image|Mouse|Word|Alligator.JPG,
582,Incongruent,Mouse,Bat,Image|Mouse|Word|Bat.JPG,
583,Incongruent,Mouse,Bear,Image|Mouse|Word|Bear.JPG,
584,Incongruent,Mouse,Bee,Image|Mouse|Word|Bee.JPG,
585,Incongruent,Mouse,Bird,Image|Mouse|Word|Bird.JPG,
586,Incongruent,Mouse,Butterfly,Image|Mouse|Word|Butterfly.JPG,
587,Incongruent,Mouse,Camel,Image|Mouse|Word|Camel.JPG,
588,Incongruent,Mouse,Cat,Image|Mouse|Word|Cat.JPG,
589,Incongruent,Mouse,Chicken,Image|Mouse|Word|Chicken.JPG,
590,Incongruent,Mouse,Cow,Image|Mouse|Word|Cow.JPG,
591,Incongruent,Mouse,Dog,Image|Mouse|Word|Dog.JPG,
592,Incongruent,Mouse,Duck,Image|Mouse|Word|Duck.JPG,
593,Incongruent,Mouse,Elephant,Image|Mouse|Word|Elephant.JPG,
594,Incongruent,Mouse,Fish,Image|Mouse|Word|Fish.JPG,
595,Incongruent,Mouse,Frog,Image|Mouse|Word|Frog.JPG,
596,Incongruent,Mouse,Giraffe,Image|Mouse|Word|Giraffe.JPG,
597,Incongruent,Mouse,Horse,Image|Mouse|Word|Horse.JPG,
598,Incongruent,Mouse,Kangaroo,Image|Mouse|Word|Kangaroo.JPG,
599,Incongruent,Mouse,Monkey,Image|Mouse|Word|Monkey.JPG,
600,Incongruent,Mouse,Moose,Image|Mouse|Word|Moose.JPG,
601,Congruent,Mouse,Mouse,Image|Mouse|Word|Mouse.JPG,
602,Incongruent,Mouse,Pig,Image|Mouse|Word|Pig.JPG,
603,Incongruent,Mouse,Rabbit,Image|Mouse|Word|Rabbit.JPG,
604,Incongruent,Mouse,Raccoon,Image|Mouse|Word|Raccoon.JPG,
605,Incongruent,Mouse,Sheep,Image|Mouse|Word|Sheep.JPG,
606,Incongruent,Mouse,Snake,Image|Mouse|Word|Snake.JPG,
607,Incongruent,Mouse,Tiger,Image|Mouse|Word|Tiger.JPG,
608,Incongruent,Mouse,Whale,Image|Mouse|Word|Whale.JPG,
609,Incongruent,Mouse,Zebra,Image|Mouse|Word|Zebra.JPG,
610,Incongruent,Pig,Alligator,Image|Pig|Word|Alligator.JPG,
611,Incongruent,Pig,Bat,Image|Pig|Word|Bat.JPG,
612,Incongruent,Pig,Bear,Image|Pig|Word|Bear.JPG,
613,Incongruent,Pig,Bee,Image|Pig|Word|Bee.JPG,
614,Incongruent,Pig,Bird,Image|Pig|Word|Bird.JPG,
615,Incongruent,Pig,Butterfly,Image|Pig|Word|Butterfly.JPG,
616,Incongruent,Pig,Camel,Image|Pig|Word|Camel.JPG,
617,Incongruent,Pig,Cat,Image|Pig|Word|Cat.JPG,
618,Incongruent,Pig,Chicken,Image|Pig|Word|Chicken.JPG,
619,Incongruent,Pig,Cow,Image|Pig|Word|Cow.JPG,
620,Incongruent,Pig,Dog,Image|Pig|Word|Dog.JPG,
621,Incongruent,Pig,Duck,Image|Pig|Word|Duck.JPG,
622,Incongruent,Pig,Elephant,Image|Pig|Word|Elephant.JPG,
623,Incongruent,Pig,Fish,Image|Pig|Word|Fish.JPG,
624,Incongruent,Pig,Frog,Image|Pig|Word|Frog.JPG,
625,Incongruent,Pig,Giraffe,Image|Pig|Word|Giraffe.JPG,
626,Incongruent,Pig,Horse,Image|Pig|Word|Horse.JPG,
627,Incongruent,Pig,Kangaroo,Image|Pig|Word|Kangaroo.JPG,
628,Incongruent,Pig,Monkey,Image|Pig|Word|Monkey.JPG,
629,Incongruent,Pig,Moose,Image|Pig|Word|Moose.JPG,
630,Incongruent,Pig,Mouse,Image|Pig|Word|Mouse.JPG,
631,Congruent,Pig,Pig,Image|Pig|Word|Pig.JPG,
632,Incongruent,Pig,Rabbit,Image|Pig|Word|Rabbit.JPG,
633,Incongruent,Pig,Raccoon,Image|Pig|Word|Raccoon.JPG,
634,Incongruent,Pig,Sheep,Image|Pig|Word|Sheep.JPG,
635,Incongruent,Pig,Snake,Image|Pig|Word|Snake.JPG,
636,Incongruent,Pig,Tiger,Image|Pig|Word|Tiger.JPG,
637,Incongruent,Pig,Whale,Image|Pig|Word|Whale.JPG,
638,Incongruent,Pig,Zebra,Image|Pig|Word|Zebra.JPG,
639,Incongruent,Rabbit,Alligator,Image|Rabbit|Word|Alligator.JPG,
640,Incongruent,Rabbit,Bat,Image|Rabbit|Word|Bat.JPG,
641,Incongruent,Rabbit,Bear,Image|Rabbit|Word|Bear.JPG,
642,Incongruent,Rabbit,Bee,Image|Rabbit|Word|Bee.JPG,
643,Incongruent,Rabbit,Bird,Image|Rabbit|Word|Bird.JPG,
644,Incongruent,Rabbit,Butterfly,Image|Rabbit|Word|Butterfly.JPG,
645,Incongruent,Rabbit,Camel,Image|Rabbit|Word|Camel.JPG,
646,Incongruent,Rabbit,Cat,Image|Rabbit|Word|Cat.JPG,
647,Incongruent,Rabbit,Chicken,Image|Rabbit|Word|Chicken.JPG,
648,Incongruent,Rabbit,Cow,Image|Rabbit|Word|Cow.JPG,
649,Incongruent,Rabbit,Dog,Image|Rabbit|Word|Dog.JPG,
650,Incongruent,Rabbit,Duck,Image|Rabbit|Word|Duck.JPG,
651,Incongruent,Rabbit,Elephant,Image|Rabbit|Word|Elephant.JPG,
652,Incongruent,Rabbit,Fish,Image|Rabbit|Word|Fish.JPG,
653,Incongruent,Rabbit,Frog,Image|Rabbit|Word|Frog.JPG,
654,Incongruent,Rabbit,Giraffe,Image|Rabbit|Word|Giraffe.JPG,
655,Incongruent,Rabbit,Horse,Image|Rabbit|Word|Horse.JPG,
656,Incongruent,Rabbit,Kangaroo,Image|Rabbit|Word|Kangaroo.JPG,
657,Incongruent,Rabbit,Monkey,Image|Rabbit|Word|Monkey.JPG,
658,Incongruent,Rabbit,Moose,Image|Rabbit|Word|Moose.JPG,
659,Incongruent,Rabbit,Mouse,Image|Rabbit|Word|Mouse.JPG,
660,Incongruent,Rabbit,Pig,Image|Rabbit|Word|Pig.JPG,
661,Congruent,Rabbit,Rabbit,Image|Rabbit|Word|Rabbit.JPG,
662,Incongruent,Rabbit,Raccoon,Image|Rabbit|Word|Raccoon.JPG,
663,Incongruent,Rabbit,Sheep,Image|Rabbit|Word|Sheep.JPG,
664,Incongruent,Rabbit,Snake,Image|Rabbit|Word|Snake.JPG,
665,Incongruent,Rabbit,Tiger,Image|Rabbit|Word|Tiger.JPG,
666,Incongruent,Rabbit,Whale,Image|Rabbit|Word|Whale.JPG,
667,Incongruent,Rabbit,Zebra,Image|Rabbit|Word|Zebra.JPG,
668,Incongruent,Raccoon,Alligator,Image|Raccoon|Word|Alligator.JPG,
669,Incongruent,Raccoon,Bat,Image|Raccoon|Word|Bat.JPG,
670,Incongruent,Raccoon,Bear,Image|Raccoon|Word|Bear.JPG,
671,Incongruent,Raccoon,Bee,Image|Raccoon|Word|Bee.JPG,
672,Incongruent,Raccoon,Bird,Image|Raccoon|Word|Bird.JPG,
673,Incongruent,Raccoon,Butterfly,Image|Raccoon|Word|Butterfly.JPG,
674,Incongruent,Raccoon,Camel,Image|Raccoon|Word|Camel.JPG,
675,Incongruent,Raccoon,Cat,Image|Raccoon|Word|Cat.JPG,
676,Incongruent,Raccoon,Chicken,Image|Raccoon|Word|Chicken.JPG,
677,Incongruent,Raccoon,Cow,Image|Raccoon|Word|Cow.JPG,
678,Incongruent,Raccoon,Dog,Image|Raccoon|Word|Dog.JPG,
679,Incongruent,Raccoon,Duck,Image|Raccoon|Word|Duck.JPG,
680,Incongruent,Raccoon,Elephant,Image|Raccoon|Word|Elephant.JPG,
681,Incongruent,Raccoon,Fish,Image|Raccoon|Word|Fish.JPG,
682,Incongruent,Raccoon,Frog,Image|Raccoon|Word|Frog.JPG,
683,Incongruent,Raccoon,Giraffe,Image|Raccoon|Word|Giraffe.JPG,
684,Incongruent,Raccoon,Horse,Image|Raccoon|Word|Horse.JPG,
685,Incongruent,Raccoon,Kangaroo,Image|Raccoon|Word|Kangaroo.JPG,
686,Incongruent,Raccoon,Monkey,Image|Raccoon|Word|Monkey.JPG,
687,Incongruent,Raccoon,Moose,Image|Raccoon|Word|Moose.JPG,
688,Incongruent,Raccoon,Mouse,Image|Raccoon|Word|Mouse.JPG,
689,Incongruent,Raccoon,Pig,Image|Raccoon|Word|Pig.JPG,
690,Incongruent,Raccoon,Rabbit,Image|Raccoon|Word|Rabbit.JPG,
691,Congruent,Raccoon,Raccoon,Image|Raccoon|Word|Raccoon.JPG,
692,Incongruent,Raccoon,Sheep,Image|Raccoon|Word|Sheep.JPG,
693,Incongruent,Raccoon,Snake,Image|Raccoon|Word|Snake.JPG,
694,Incongruent,Raccoon,Tiger,Image|Raccoon|Word|Tiger.JPG,
695,Incongruent,Raccoon,Whale,Image|Raccoon|Word|Whale.JPG,
696,Incongruent,Raccoon,Zebra,Image|Raccoon|Word|Zebra.JPG,
697,Incongruent,Sheep,Alligator,Image|Sheep|Word|Alligator.JPG,
698,Incongruent,Sheep,Bat,Image|Sheep|Word|Bat.JPG,
699,Incongruent,Sheep,Bear,Image|Sheep|Word|Bear.JPG,
700,Incongruent,Sheep,Bee,Image|Sheep|Word|Bee.JPG,
701,Incongruent,Sheep,Bird,Image|Sheep|Word|Bird.JPG,
702,Incongruent,Sheep,Butterfly,Image|Sheep|Word|Butterfly.JPG,
703,Incongruent,Sheep,Camel,Image|Sheep|Word|Camel.JPG,
704,Incongruent,Sheep,Cat,Image|Sheep|Word|Cat.JPG,
705,Incongruent,Sheep,Chicken,Image|Sheep|Word|Chicken.JPG,
706,Incongruent,Sheep,Cow,Image|Sheep|Word|Cow.JPG,
707,Incongruent,Sheep,Dog,Image|Sheep|Word|Dog.JPG,
708,Incongruent,Sheep,Duck,Image|Sheep|Word|Duck.JPG,
709,Incongruent,Sheep,Elephant,Image|Sheep|Word|Elephant.JPG,
710,Incongruent,Sheep,Fish,Image|Sheep|Word|Fish.JPG,
711,Incongruent,Sheep,Frog,Image|Sheep|Word|Frog.JPG,
712,Incongruent,Sheep,Giraffe,Image|Sheep|Word|Giraffe.JPG,
713,Incongruent,Sheep,Horse,Image|Sheep|Word|Horse.JPG,
714,Incongruent,Sheep,Kangaroo,Image|Sheep|Word|Kangaroo.JPG,
715,Incongruent,Sheep,Monkey,Image|Sheep|Word|Monkey.JPG,
716,Incongruent,Sheep,Moose,Image|Sheep|Word|Moose.JPG,
717,Incongruent,Sheep,Mouse,Image|Sheep|Word|Mouse.JPG,
718,Incongruent,Sheep,Pig,Image|Sheep|Word|Pig.JPG,
719,Incongruent,Sheep,Rabbit,Image|Sheep|Word|Rabbit.JPG,
720,Incongruent,Sheep,Raccoon,Image|Sheep|Word|Raccoon.JPG,
721,Congruent,Sheep,Sheep,Image|Sheep|Word|Sheep.JPG,
722,Incongruent,Sheep,Snake,Image|Sheep|Word|Snake.JPG,
723,Incongruent,Sheep,Tiger,Image|Sheep|Word|Tiger.JPG,
724,Incongruent,Sheep,Whale,Image|Sheep|Word|Whale.JPG,
725,Incongruent,Sheep,Zebra,Image|Sheep|Word|Zebra.JPG,
726,Incongruent,Snake,Alligator,Image|Snake|Word|Alligator.JPG,
727,Incongruent,Snake,Bat,Image|Snake|Word|Bat.JPG,
728,Incongruent,Snake,Bear,Image|Snake|Word|Bear.JPG,
729,Incongruent,Snake,Bee,Image|Snake|Word|Bee.JPG,
730,Incongruent,Snake,Bird,Image|Snake|Word|Bird.JPG,
731,Incongruent,Snake,Butterfly,Image|Snake|Word|Butterfly.JPG,
732,Incongruent,Snake,Camel,Image|Snake|Word|Camel.JPG,
733,Incongruent,Snake,Cat,Image|Snake|Word|Cat.JPG,
734,Incongruent,Snake,Chicken,Image|Snake|Word|Chicken.JPG,
735,Incongruent,Snake,Cow,Image|Snake|Word|Cow.JPG,
736,Incongruent,Snake,Dog,Image|Snake|Word|Dog.JPG,
737,Incongruent,Snake,Duck,Image|Snake|Word|Duck.JPG,
738,Incongruent,Snake,Elephant,Image|Snake|Word|Elephant.JPG,
739,Incongruent,Snake,Fish,Image|Snake|Word|Fish.JPG,
740,Incongruent,Snake,Frog,Image|Snake|Word|Frog.JPG,
741,Incongruent,Snake,Giraffe,Image|Snake|Word|Giraffe.JPG,
742,Incongruent,Snake,Horse,Image|Snake|Word|Horse.JPG,
743,Incongruent,Snake,Kangaroo,Image|Snake|Word|Kangaroo.JPG,
744,Incongruent,Snake,Monkey,Image|Snake|Word|Monkey.JPG,
745,Incongruent,Snake,Moose,Image|Snake|Word|Moose.JPG,
746,Incongruent,Snake,Mouse,Image|Snake|Word|Mouse.JPG,
747,Incongruent,Snake,Pig,Image|Snake|Word|Pig.JPG,
748,Incongruent,Snake,Rabbit,Image|Snake|Word|Rabbit.JPG,
749,Incongruent,Snake,Raccoon,Image|Snake|Word|Raccoon.JPG,
750,Incongruent,Snake,Sheep,Image|Snake|Word|Sheep.JPG,
751,Congruent,Snake,Snake,Image|Snake|Word|Snake.JPG,
752,Incongruent,Snake,Tiger,Image|Snake|Word|Tiger.JPG,
753,Incongruent,Snake,Whale,Image|Snake|Word|Whale.JPG,
754,Incongruent,Snake,Zebra,Image|Snake|Word|Zebra.JPG,
755,Incongruent,Tiger,Alligator,Image|Tiger|Word|Alligator.JPG,
756,Incongruent,Tiger,Bat,Image|Tiger|Word|Bat.JPG,
757,Incongruent,Tiger,Bear,Image|Tiger|Word|Bear.JPG,
758,Incongruent,Tiger,Bee,Image|Tiger|Word|Bee.JPG,
759,Incongruent,Tiger,Bird,Image|Tiger|Word|Bird.JPG,
760,Incongruent,Tiger,Butterfly,Image|Tiger|Word|Butterfly.JPG,
761,Incongruent,Tiger,Camel,Image|Tiger|Word|Camel.JPG,
762,Incongruent,Tiger,Cat,Image|Tiger|Word|Cat.JPG,
763,Incongruent,Tiger,Chicken,Image|Tiger|Word|Chicken.JPG,
764,Incongruent,Tiger,Cow,Image|Tiger|Word|Cow.JPG,
765,Incongruent,Tiger,Dog,Image|Tiger|Word|Dog.JPG,
766,Incongruent,Tiger,Duck,Image|Tiger|Word|Duck.JPG,
767,Incongruent,Tiger,Elephant,Image|Tiger|Word|Elephant.JPG,
768,Incongruent,Tiger,Fish,Image|Tiger|Word|Fish.JPG,
769,Incongruent,Tiger,Frog,Image|Tiger|Word|Frog.JPG,
770,Incongruent,Tiger,Giraffe,Image|Tiger|Word|Giraffe.JPG,
771,Incongruent,Tiger,Horse,Image|Tiger|Word|Horse.JPG,
772,Incongruent,Tiger,Kangaroo,Image|Tiger|Word|Kangaroo.JPG,
773,Incongruent,Tiger,Monkey,Image|Tiger|Word|Monkey.JPG,
774,Incongruent,Tiger,Moose,Image|Tiger|Word|Moose.JPG,
775,Incongruent,Tiger,Mouse,Image|Tiger|Word|Mouse.JPG,
776,Incongruent,Tiger,Pig,Image|Tiger|Word|Pig.JPG,
777,Incongruent,Tiger,Rabbit,Image|Tiger|Word|Rabbit.JPG,
778,Incongruent,Tiger,Raccoon,Image|Tiger|Word|Raccoon.JPG,
779,Incongruent,Tiger,Sheep,Image|Tiger|Word|Sheep.JPG,
780,Incongruent,Tiger,Snake,Image|Tiger|Word|Snake.JPG,
781,Congruent,Tiger,Tiger,Image|Tiger|Word|Tiger.JPG,
782,Incongruent,Tiger,Whale,Image|Tiger|Word|Whale.JPG,
783,Incongruent,Tiger,Zebra,Image|Tiger|Word|Zebra.JPG,
784,Incongruent,Whale,Alligator,Image|Whale|Word|Alligator.JPG,
785,Incongruent,Whale,Bat,Image|Whale|Word|Bat.JPG,
786,Incongruent,Whale,Bear,Image|Whale|Word|Bear.JPG,
787,Incongruent,Whale,Bee,Image|Whale|Word|Bee.JPG,
788,Incongruent,Whale,Bird,Image|Whale|Word|Bird.JPG,
789,Incongruent,Whale,Butterfly,Image|Whale|Word|Butterfly.JPG,
790,Incongruent,Whale,Camel,Image|Whale|Word|Camel.JPG,
791,Incongruent,Whale,Cat,Image|Whale|Word|Cat.JPG,
792,Incongruent,Whale,Chicken,Image|Whale|Word|Chicken.JPG,
793,Incongruent,Whale,Cow,Image|Whale|Word|Cow.JPG,
794,Incongruent,Whale,Dog,Image|Whale|Word|Dog.JPG,
795,Incongruent,Whale,Duck,Image|Whale|Word|Duck.JPG,
796,Incongruent,Whale,Elephant,Image|Whale|Word|Elephant.JPG,
797,Incongruent,Whale,Fish,Image|Whale|Word|Fish.JPG,
798,Incongruent,Whale,Frog,Image|Whale|Word|Frog.JPG,
799,Incongruent,Whale,Giraffe,Image|Whale|Word|Giraffe.JPG,
800,Incongruent,Whale,Horse,Image|Whale|Word|Horse.JPG,
801,Incongruent,Whale,Kangaroo,Image|Whale|Word|Kangaroo.JPG,
802,Incongruent,Whale,Monkey,Image|Whale|Word|Monkey.JPG,
803,Incongruent,Whale,Moose,Image|Whale|Word|Moose.JPG,
804,Incongruent,Whale,Mouse,Image|Whale|Word|Mouse.JPG,
805,Incongruent,Whale,Pig,Image|Whale|Word|Pig.JPG,
806,Incongruent,Whale,Rabbit,Image|Whale|Word|Rabbit.JPG,
807,Incongruent,Whale,Raccoon,Image|Whale|Word|Raccoon.JPG,
808,Incongruent,Whale,Sheep,Image|Whale|Word|Sheep.JPG,
809,Incongruent,Whale,Snake,Image|Whale|Word|Snake.JPG,
810,Incongruent,Whale,Tiger,Image|Whale|Word|Tiger.JPG,
811,Congruent,Whale,Whale,Image|Whale|Word|Whale.JPG,
812,Incongruent,Whale,Zebra,Image|Whale|Word|Zebra.JPG,
813,Incongruent,Zebra,Alligator,Image|Zebra|Word|Alligator.JPG,
814,Incongruent,Zebra,Bat,Image|Zebra|Word|Bat.JPG,
815,Incongruent,Zebra,Bear,Image|Zebra|Word|Bear.JPG,
816,Incongruent,Zebra,Bee,Image|Zebra|Word|Bee.JPG,
817,Incongruent,Zebra,Bird,Image|Zebra|Word|Bird.JPG,
818,Incongruent,Zebra,Butterfly,Image|Zebra|Word|Butterfly.JPG,
819,Incongruent,Zebra,Camel,Image|Zebra|Word|Camel.JPG,
820,Incongruent,Zebra,Cat,Image|Zebra|Word|Cat.JPG,
821,Incongruent,Zebra,Chicken,Image|Zebra|Word|Chicken.JPG,
822,Incongruent,Zebra,Cow,Image|Zebra|Word|Cow.JPG,
823,Incongruent,Zebra,Dog,Image|Zebra|Word|Dog.JPG,
824,Incongruent,Zebra,Duck,Image|Zebra|Word|Duck.JPG,
825,Incongruent,Zebra,Elephant,Image|Zebra|Word|Elephant.JPG,
826,Incongruent,Zebra,Fish,Image|Zebra|Word|Fish.JPG,
827,Incongruent,Zebra,Frog,Image|Zebra|Word|Frog.JPG,
828,Incongruent,Zebra,Giraffe,Image|Zebra|Word|Giraffe.JPG,
829,Incongruent,Zebra,Horse,Image|Zebra|Word|Horse.JPG,
830,Incongruent,Zebra,Kangaroo,Image|Zebra|Word|Kangaroo.JPG,
831,Incongruent,Zebra,Monkey,Image|Zebra|Word|Monkey.JPG,
832,Incongruent,Zebra,Moose,Image|Zebra|Word|Moose.JPG,
833,Incongruent,Zebra,Mouse,Image|Zebra|Word|Mouse.JPG,
834,Incongruent,Zebra,Pig,Image|Zebra|Word|Pig.JPG,
835,Incongruent,Zebra,Rabbit,Image|Zebra|Word|Rabbit.JPG,
836,Incongruent,Zebra,Raccoon,Image|Zebra|Word|Raccoon.JPG,
837,Incongruent,Zebra,Sheep,Image|Zebra|Word|Sheep.JPG,
838,Incongruent,Zebra,Snake,Image|Zebra|Word|Snake.JPG,
839,Incongruent,Zebra,Tiger,Image|Zebra|Word|Tiger.JPG,
840,Incongruent,Zebra,Whale,Image|Zebra|Word|Whale.JPG,
841,Congruent,Zebra,Zebra,Image|Zebra|Word|Zebra.JPG,
